event_type,event_id,episode_id
FL,1100000,1
FL,1100100,1
FL,1100101,1
FL,1100102,1
FL,1100102,2
FL,1100102,3
FL,1100103,1
FL,1100103,2
FL,1100103,3
FL,1100103,4
FL,1100103,5
FL,1100103,6
FL,1100103,7
FL,1100103,8
FL,1100103,9
FL,1100104,1
FL,1100104,2
FL,1100104,3
FL,1100105,1
FL,1100106,1
FL,1100106,2
FL,1100106,3
FL,1100106,4
FL,1100107,1
FL,1100108,1
FL,1100109,1
FL,1100109,2
FL,1100110,1
FL,1100111,1
FL,1100112,1
FL,1100113,1
FL,1100113,2
FL,1100113,3
FL,1100114,1
FL,1100114,2
FL,1100115,1
FL,1100116,1
FL,1100118,1
FL,1100118,2
FL,1100119,1
FL,1100119,2
FL,1100120,1
FL,1100121,1
FL,1100122,1
FL,1100122,2
FL,1100123,1
FL,1100124,1
FL,1100125,1
FL,1100125,2
FL,1100126,1
FL,1100127,1
FL,1100129,1
FL,1100129,2
FL,1100129,3
FL,1100130,1
FL,1100131,1
FL,1100132,1
FL,1100132,2
FL,1100133,1
FL,1100134,1
FL,1100135,1
FL,1100136,1
FL,1100137,1
FL,1100138,1
FL,1100138,2
FL,1100139,1
FL,1100140,1
FL,1100141,1
FL,1100141,2
FL,1100142,1
FL,1100143,1
FL,1100144,1
FL,1100145,1
FL,1100146,1
FL,1100146,2
FL,1100147,1
FL,1100148,1
FL,1100149,1
FL,1100150,1
FL,1100151,1
FL,1100152,1
FL,1100153,1
FL,1100154,1
FL,1100155,1
FL,1100156,1
FL,1100157,1
FL,1100158,1
FL,1100159,1
FL,1100160,1
FL,1100161,1
FL,1100162,1
FL,1100163,1
FL,1100164,1
FL,1100166,1
FL,1100167,1
FL,1100168,1
FL,1100169,1
FL,1100170,1
FL,1100171,1
FL,1100172,1
FL,1100173,1
FL,1100174,1
FL,1100175,1
FL,1100175,2
FL,1100176,1
FL,1100177,1
FL,1100178,1
FL,1100179,1
FL,1100180,1
FL,1100181,1
FL,1100181,2
FL,1100181,3
FL,1100182,1
FL,1100182,2
FL,1100183,1
FL,1100184,1
FL,1100185,1
FL,1100185,2
FL,1100186,1
FL,1100187,1
FL,1100187,2
FL,1100188,1
FL,1100189,1
FL,1100190,1
FL,1100191,1
FL,1100192,1
FL,1100193,1
FL,1100194,1
FL,1100194,2
FL,1100194,3
FL,1100195,1
FL,1100196,1
FL,1100197,1
FL,1100197,2
FL,1100198,1
FL,1100199,1
FL,1100199,2
FL,1100200,1
FL,1100202,1
FL,1100203,1
FL,1100204,1
FL,1100205,1
FL,1100205,2
FL,1100206,1
FL,1100207,1
FL,1100208,1
FL,1100210,1
FL,1100211,1
FL,1100211,2
FL,1100212,1
FL,1100213,1
FL,1100214,1
FL,1100215,1
FL,1100216,1
FL,1100217,1
FL,1100218,1
FL,1100219,1
FL,1100220,1
FL,1100221,1
FL,1100222,1
FL,1100223,1
FL,1100224,1
FL,1100225,1
FL,1100226,1
FL,1100227,1
FL,1100228,1
FL,1100229,1
FL,1100230,1
FL,1100231,1
FL,1100232,1
FL,1100232,2
FL,1100233,1
FL,1100234,1
FL,1100234,2
FL,1100235,1
FL,1100236,1
FL,1100237,1
FL,1100238,1
FL,1100238,2
FL,1100240,1
FL,1100241,1
FL,1100242,1
FL,1100243,1
FL,1100244,1
FL,1100245,1
FL,1100246,1
FL,1100247,1
FL,1100247,2
FL,1100248,1
FL,1100249,1
FL,1100250,1
FL,1100251,1
FL,1100252,1
FL,1100253,1
FL,1100254,1
FL,1100255,1
FL,1100255,2
FL,1100256,1
FL,1100257,1
FL,1100258,1
FL,1100259,1
FL,1100259,2
FL,1100261,1
FL,1100263,1
FL,1100264,1
FL,1100265,1
FL,1100266,1
FL,1100267,1
FL,1100269,1
FL,1100269,2
FL,1100270,1
FL,1100271,1
FL,1100272,1
FL,1100273,1
FL,1100274,1
FL,1100275,1
FL,1100276,1
FL,1100277,1
FL,1100278,1
FL,1100279,1
FL,1100280,1
FL,1100281,1
FL,1100282,1
FL,1100283,1
FL,1100284,1
FL,1100284,2
FL,1100285,1
FL,1100285,2
FL,1100286,1
FL,1100287,1
FL,1100288,1
FL,1100289,1
FL,1100290,1
FL,1100291,1
FL,1100292,1
FL,1100293,1
FL,1100294,1
FL,1100294,2
FL,1100294,3
FL,1100295,1
FL,1100296,1
FL,1100296,2
FL,1100297,1
FL,1100297,2
FL,1100298,1
FL,1100299,1
FL,1100300,1
FL,1100301,1
FL,1100302,1
FL,1100303,1
FL,1100303,2
FL,1100303,3
FL,1100304,1
FL,1100305,1
FL,1100305,2
FL,1100305,3
FL,1100306,1
FL,1100307,1
FL,1100308,1
FL,1100309,1
FL,1100310,1
FL,1100311,1
FL,1100311,2
FL,1100312,1
FL,1100313,1
FL,1100314,1
FL,1100315,1
FL,1100316,1
FL,1100316,2
FL,1100316,3
FL,1100316,4
FL,1100316,5
FL,1100317,1
FL,1100318,1
FL,1100318,2
FL,1100319,1
FL,1100320,1
FL,1100321,1
FL,1100321,2
FL,1100322,1
FL,1100323,1
FL,1100325,1
FL,1100325,2
FL,1100326,1
FL,1100327,1
FL,1100328,1
FL,1100329,1
FL,1100330,1
FL,1100330,2
FL,1100331,1
FL,1100332,1
FL,1100333,1
FL,1100334,1
FL,1100335,1
FL,1100336,1
FL,1100336,2
FL,1100336,3
FL,1100337,1
FL,1100338,1
FL,1100339,1
FL,1100340,1
FL,1100341,1
FL,1100342,1
FL,1100343,1
FL,1100344,1
FL,1100344,2
FL,1100345,1
FL,1100345,2
FL,1100345,3
FL,1100345,4
FL,1100346,1
FL,1100347,1
FL,1100347,2
FL,1100348,1
FL,1100349,1
FL,1100349,2
FL,1100350,1
FL,1100350,2
FL,1100351,1
FL,1100352,1
FL,1100353,1
FL,1100354,1
FL,1100355,1
FL,1100356,1
FL,1100357,1
FL,1100358,1
FL,1100359,1
FL,1100360,1
FL,1100360,2
FL,1100360,3
FL,1100361,1
FL,1100362,1
FL,1100363,1
FL,1100364,1
FL,1100365,1
FL,1100366,1
FL,1100367,1
FL,1100367,2
FL,1100368,1
FL,1100368,2
FL,1100368,3
FL,1100368,4
FL,1100369,1
FL,1100370,1
FL,1100371,1
FL,1100371,2
FL,1100372,1
FL,1100373,1
FL,1100374,1
FL,1100374,2
FL,1100374,3
FL,1100374,4
FL,1100374,5
FL,1100374,6
FL,1100374,7
FL,1100375,1
FL,1100375,2
FL,1100376,1
FL,1100377,1
FL,1100378,1
FL,1100379,1
FL,1100380,1
FL,1100381,1
FL,1100382,1
FL,1100382,2
FL,1100382,3
FL,1100382,4
FL,1100383,1
FL,1100384,1
FL,1100384,2
FL,1100385,1
FL,1100385,2
FL,1100386,1
FL,1100386,2
FL,1100386,3
FL,1100387,1
FL,1100387,2
FL,1100388,1
FL,1100389,1
FL,1100390,1
FL,1100391,1
FL,1100391,2
FL,1100391,3
FL,1100391,4
FL,1100391,5
FL,1100391,6
FL,1100392,1
FL,1100393,1
FL,1100394,1
FL,1100395,1
FL,1100396,1
FL,1100396,2
FL,1100396,3
FL,1100397,1
FL,1100398,1
FL,1100399,1
FL,1100400,1
FL,1100401,1
FL,1100402,1
FL,1100403,1
FL,1100404,1
FL,1100405,1
FL,1100406,1
FL,1100407,1
FL,1100407,2
FL,1100408,1
FL,1100408,2
FL,1100409,1
FL,1100409,2
FL,1100410,1
FL,1100410,2
FL,1100411,1
FL,1100411,2
FL,1100412,1
FL,1100413,1
FL,1100414,1
FL,1100414,2
FL,1100415,1
FL,1100416,1
FL,1100417,1
FL,1100417,2
FL,1100417,3
FL,1100417,4
FL,1100417,5
FL,1100417,6
FL,1100417,7
FL,1100417,8
FL,1100418,1
FL,1100419,1
FL,1100420,1
FL,1100421,1
FL,1100421,2
FL,1100422,1
FL,1100423,1
FL,1100424,1
FL,1100425,1
FL,1100426,1
FL,1100427,1
FL,1100428,1
FL,1100429,1
FL,1100430,1
FL,1100430,2
FL,1100430,3
FL,1100430,4
FL,1100430,5
FL,1100431,1
FL,1100431,2
FL,1100432,1
FL,1100432,2
FL,1100432,3
FL,1100433,1
FL,1100433,2
FL,1100433,3
FL,1100434,1
FL,1100434,2
FL,1100434,3
FL,1100434,4
FL,1100435,1
FL,1100436,1
FL,1100437,1
FL,1100438,1
FL,1100439,1
FL,1100440,1
FL,1100440,2
FL,1100440,3
FL,1100441,1
FL,1100442,1
FL,1100443,1
FL,1100444,1
FL,1100445,1
FL,1100446,1
FL,1100447,1
FL,1100448,1
FL,1100448,2
FL,1100448,3
FL,1100449,1
FL,1100450,1
FL,1100451,1
FL,1100452,1
FL,1100452,2
FL,1100452,3
FL,1100452,4
FL,1100452,5
FL,1100452,6
FL,1100452,7
FL,1100452,8
FL,1100452,9
FL,1100452,10
FL,1100452,11
FL,1100453,1
FL,1100453,2
FL,1100453,3
FL,1100454,1
FL,1100455,1
FL,1100456,1
FL,1100456,2
FL,1100457,1
FL,1100458,1
FL,1100459,1
FL,1100459,2
FL,1100459,3
FL,1100459,4
FL,1100459,5
FL,1100460,1
FL,1100461,1
FL,1100462,1
FL,1100463,1
FL,1100464,1
FL,1100465,1
FL,1100465,2
FL,1100466,1
FL,1100467,1
FL,1100468,1
FL,1100469,1
FL,1100470,1
FL,1100470,2
FL,1100471,1
FL,1100472,1
FL,1100473,1
FL,1100474,1
FL,1100475,1
FL,1100476,1
FL,1100477,1
FL,1100477,2
FL,1100478,1
FL,1100479,1
FL,1100480,1
FL,1100480,2
FL,1100480,3
FL,1100480,4
FL,1100480,5
FL,1100480,6
FL,1100480,7
FL,1100480,8
FL,1100481,1
FL,1100482,1
FL,1100483,1
FL,1100484,1
FL,1100485,1
FL,1100486,1
FL,1100487,1
FL,1100488,1
FL,1100489,1
FL,1100490,1
FL,1100491,1
FL,1100492,1
FL,1100493,1
FL,1100493,2
FL,1100493,3
FL,1100493,4
FL,1100493,5
FL,1100494,1
FL,1100495,1
FL,1100495,2
FL,1100496,1
FL,1100497,1
FL,1100498,1
FL,1100498,2
FL,1100498,3
FL,1100499,1
FL,1100500,1
FL,1100501,1
FL,1100501,2
FL,1100502,1
FL,1100503,1
FL,1100504,1
FL,1100505,1
FL,1100506,1
FL,1100507,1
FL,1100508,1
FL,1100509,1
FL,1100510,1
FL,1100510,2
FL,1100511,1
FL,1100512,1
FL,1100513,1
FL,1100514,1
FL,1100514,2
FL,1100514,3
FL,1100514,4
FL,1100514,5
FL,1100514,6
FL,1100514,7
FL,1100515,1
FL,1100515,2
FL,1100515,3
FL,1100516,1
FL,1100516,2
FL,1100517,1
FL,1100518,1
FL,1100519,1
FL,1100520,1
FL,1100520,2
FL,1100521,1
FL,1100522,1
FL,1100522,2
FL,1100523,1
FL,1100524,1
FL,1100525,1
FL,1100526,1
FL,1100527,1
FL,1100528,1
FL,1100529,1
FL,1100529,2
FL,1100529,3
FL,1100529,4
FL,1100530,1
FL,1100530,2
FL,1100531,1
FL,1100531,2
FL,1100532,1
FL,1100533,1
FL,1100534,1
FL,1100534,2
FL,1100534,3
FL,1100534,4
FL,1100534,5
FL,1100534,6
FL,1100534,7
FL,1100534,8
FL,1100535,1
FL,1100536,1
FL,1100537,1
FL,1100538,1
FL,1100538,2
FL,1100539,1
FL,1100540,1
FL,1100540,2
FL,1100541,1
FL,1100541,2
FL,1100542,1
FL,1100543,1
FL,1100544,1
FL,1100545,1
FL,1100545,2
FL,1100546,1
FL,1100547,1
FL,1100548,1
FL,1100549,1
FL,1100550,1
FL,1100551,1
FL,1100551,2
FL,1100551,3
FL,1100551,4
FL,1100551,5
FL,1100552,1
FL,1100553,1
FL,1100554,1
FL,1100554,2
FL,1100554,3
FL,1100555,1
FL,1100556,1
FL,1100556,2
FL,1100557,1
FL,1100558,1
FL,1100559,1
FL,1100560,1
FL,1100561,1
FL,1100561,2
FL,1100562,1
FL,1100563,1
FL,1100564,1
FL,1100565,1
FL,1100566,1
FL,1100567,1
FL,1100568,1
FL,1100569,1
FL,1100570,1
FL,1100571,1
FL,1100572,1
FL,1100573,1
FL,1100574,1
FL,1100575,1
FL,1100575,2
FL,1100575,3
FL,1100576,1
FL,1100577,1
FL,1100578,1
FL,1100578,2
FL,1100578,3
FL,1100578,4
FL,1100578,5
FL,1100578,6
FL,1100578,7
FL,1100579,1
FL,1100579,2
FL,1100580,1
FL,1100581,1
FL,1100582,1
FL,1100582,2
FL,1100583,1
FL,1100584,1
FL,1100585,1
FL,1100585,2
FL,1100586,1
FL,1100587,1
FL,1100588,1
FL,1100588,2
FL,1100588,3
FL,1100588,4
FL,1100589,1
FL,1100590,1
FL,1100591,1
FL,1100592,1
FL,1100593,1
FL,1100594,1
FL,1100595,1
FL,1100596,1
FL,1100597,1
FL,1100598,1
FL,1100599,1
FL,1100600,1
FL,1100601,1
FL,1100602,1
FL,1100603,1
FL,1100604,1
FL,1100605,1
FL,1100606,1
FL,1100607,1
FL,1100608,1
FL,1100609,1
FL,1100610,1
FL,1100611,1
FL,1100611,2
FL,1100611,3
FL,1100611,4
FL,1100611,5
FL,1100611,6
FL,1100612,1
FL,1100613,1
FL,1100613,2
FL,1100613,3
FL,1100613,4
FL,1100613,5
FL,1100613,6
FL,1100613,7
FL,1100613,8
FL,1100613,9
FL,1100613,10
FL,1100613,11
FL,1100613,12
FL,1100613,13
FL,1100613,14
FL,1100613,15
FL,1100613,16
FL,1100613,17
FL,1100613,18
FL,1100614,1
FL,1100614,2
FL,1100615,1
FL,1100616,1
FL,1100617,1
FL,1100618,1
FL,1100619,1
FL,1100620,1
FL,1100621,1
FL,1100621,2
FL,1100622,1
FL,1100623,1
FL,1100624,1
FL,1100625,1
FL,1100626,1
FL,1100627,1
FL,1100628,1
FL,1100629,1
FL,1100630,1
FL,1100631,1
FL,1100631,2
FL,1100632,1
FL,1100633,1
FL,1100634,1
FL,1100635,1
FL,1100636,1
FL,1100636,2
FL,1100637,1
FL,1100638,1
FL,1100639,1
FL,1100640,1
FL,1100641,1
FL,1100641,2
FL,1100641,3
FL,1100642,1
FL,1100643,1
FL,1100644,1
FL,1100645,1
FL,1100646,1
FL,1100647,1
FL,1100648,1
FL,1100649,1
FL,1100650,1
FL,1100651,1
FL,1100652,1
FL,1100653,1
FL,1100654,1
FL,1100654,2
FL,1100655,1
FL,1100655,2
FL,1100656,1
FL,1100657,1
FL,1100658,1
FL,1100659,1
FL,1100660,1
FL,1100661,1
FL,1100662,1
FL,1100663,1
FL,1100664,1
FL,1100665,1
FL,1100666,1
FL,1100667,1
FL,1100668,1
FL,1100669,1
FL,1100670,1
FL,1100671,1
FL,1100671,2
FL,1100671,3
FL,1100672,1
FL,1100673,1
FL,1100674,1
FL,1100675,1
FL,1100676,1
FL,1100676,2
FL,1100676,3
FL,1100677,1
FL,1100678,1
FL,1100679,1
FL,1100679,2
FL,1100680,1
FL,1100681,1
FL,1100682,1
FL,1100683,1
FL,1100684,1
FL,1100684,2
FL,1100685,1
FL,1100686,1
FL,1100687,1
FL,1100688,1
FL,1100689,1
FL,1100689,2
FL,1100690,1
FL,1100690,2
FL,1100691,1
FL,1100692,1
FL,1100693,1
FL,1100694,1
FL,1100694,2
FL,1100694,3
FL,1100694,4
FL,1100694,5
FL,1100695,1
FL,1100696,1
FL,1100697,1
FL,1100698,1
FL,1100699,1
FL,1100700,1
FL,1100701,1
FL,1100702,1
FL,1100703,1
FL,1100704,1
FL,1100704,2
FL,1100705,1
FL,1100705,2
FL,1100706,1
FL,1100707,1
FL,1100708,1
FL,1100709,1
FL,1100710,1
FL,1100711,1
FL,1100712,1
FL,1100713,1
FL,1100714,1
FL,1100715,1
FL,1100716,1
FL,1100717,1
FL,1100717,2
FL,1100717,3
FL,1100717,4
FL,1100717,5
FL,1100717,6
FL,1100717,7
FL,1100717,8
FL,1100717,9
FL,1100717,10
FL,1100717,11
FL,1100717,12
FL,1100717,13
FL,1100717,14
FL,1100717,15
FL,1100718,1
FL,1100719,1
FL,1100720,1
FL,1100721,1
FL,1100721,2
FL,1100722,1
FL,1100723,1
FL,1100723,2
FL,1100724,1
FL,1100725,1
FL,1100725,2
FL,1100726,1
FL,1100726,2
FL,1100727,1
FL,1100727,2
FL,1100728,1
FL,1100729,1
FL,1100730,1
FL,1100730,2
FL,1100730,3
FL,1100731,1
FL,1100731,2
FL,1100731,3
FL,1100732,1
FL,1100733,1
FL,1100734,1
FL,1100735,1
FL,1100736,1
FL,1100737,1
FL,1100737,2
FL,1100738,1
FL,1100739,1
FL,1100741,1
FL,1100741,2
FL,1100742,1
FL,1100742,2
FL,1100743,1
FL,1100744,1
FL,1100745,1
FL,1100745,2
FL,1100745,3
FL,1100746,1
FL,1100746,2
FL,1100746,3
FL,1100747,1
FL,1100748,1
FL,1100749,1
FL,1100749,2
FL,1100750,1
FL,1100750,2
FL,1100751,1
FL,1100751,2
FL,1100751,3
FL,1100751,4
FL,1100752,1
FL,1100753,1
FL,1100754,1
FL,1100755,1
FL,1100755,2
FL,1100756,1
FL,1100756,2
FL,1100756,3
FL,1100756,4
FL,1100756,5
FL,1100757,1
FL,1100758,1
FL,1100759,1
FL,1100760,1
FL,1100761,1
FL,1100762,1
FL,1100763,1
FL,1100763,2
FL,1100763,3
FL,1100764,1
FL,1100765,1
FL,1100766,1
FL,1100766,2
FL,1100766,3
FL,1100766,4
FL,1100766,5
FL,1100766,6
FL,1100766,7
FL,1100766,8
FL,1100766,9
FL,1100766,10
FL,1100766,11
FL,1100766,12
FL,1100766,13
FL,1100766,14
FL,1100766,15
FL,1100766,16
FL,1100766,17
FL,1100766,18
FL,1100766,19
FL,1100766,20
FL,1100766,21
FL,1100767,1
FL,1100768,1
FL,1100768,2
FL,1100769,1
FL,1100770,1
FL,1100771,1
FL,1100771,2
FL,1100771,3
FL,1100772,1
FL,1100773,1
FL,1100774,1
FL,1100775,1
FL,1100776,1
FL,1100776,2
FL,1100776,3
FL,1100776,4
FL,1100777,1
FL,1100777,2
FL,1100778,1
FL,1100779,1
FL,1100780,1
FL,1100781,1
FL,1100782,1
FL,1100783,1
FL,1100784,1
FL,1100784,2
FL,1100784,3
FL,1100784,4
FL,1100784,5
FL,1100785,1
FL,1100786,1
FL,1100787,1
FL,1100788,1
FL,1100788,2
FL,1100789,1
FL,1100789,2
FL,1100789,3
FL,1100790,1
FL,1100792,1
FL,1100792,2
FL,1100793,1
FL,1100794,1
FL,1100794,2
FL,1100794,3
FL,1100795,1
FL,1100796,1
FL,1100797,1
FL,1100799,1
FL,1100800,1
FL,1100803,1
FL,1100804,1
FL,1100805,1
FL,1100805,2
FL,1100805,3
FL,1100805,4
FL,1100805,5
FL,1100806,1
FL,1100809,1
FL,1100810,1
FL,1100811,1
FL,1100812,1
FL,1100813,1
FL,1100813,2
FL,1100813,3
FL,1100814,1
FL,1100815,1
FL,1100816,1
FL,1100817,1
FL,1100818,1
FL,1100819,1
FL,1100820,1
FL,1100820,2
FL,1100820,3
FL,1100821,1
FL,1100822,1
FL,1100823,1
FL,1100824,1
FL,1100825,1
FL,1100826,1
FL,1100827,1
FL,1100828,1
FL,1100829,1
FL,1100830,1
FL,1100830,2
FL,1100830,3
FL,1100830,4
FL,1100832,1
FL,1100832,2
FL,1100832,3
FL,1100832,4
FL,1100832,5
FL,1100832,6
FL,1100832,7
FL,1100832,8
FL,1100832,9
FL,1100832,10
FL,1100832,11
FL,1100833,1
FL,1100834,1
FL,1100835,1
FL,1100835,2
FL,1100835,3
FL,1100836,1
FL,1100837,1
FL,1100838,1
FL,1100839,1
FL,1100840,1
FL,1100841,1
FL,1100842,1
FL,1100843,1
FL,1100844,1
FL,1100845,1
FL,1100847,1
FL,1100848,1
FL,1100849,1
FL,1100849,2
FL,1100849,3
FL,1100849,4
FL,1100849,5
FL,1100849,6
FL,1100849,7
FL,1100849,8
FL,1100849,9
FL,1100850,1
FL,1100850,2
FL,1100851,1
FL,1100851,2
FL,1100851,3
FL,1100851,4
FL,1100851,5
FL,1100851,6
FL,1100852,1
FL,1100853,1
FL,1100854,1
FL,1100855,1
FL,1100856,1
FL,1100857,1
FL,1100857,2
FL,1100858,1
FL,1100859,1
FL,1100860,1
FL,1100861,1
FL,1100862,1
FL,1100863,1
FL,1100864,1
FL,1100865,1
FL,1100866,1
FL,1100866,2
FL,1100866,3
FL,1100867,1
FL,1100868,1
FL,1100869,1
FL,1100870,1
FL,1100871,1
FL,1100871,2
FL,1100871,3
FL,1100872,1
FL,1100873,1
FL,1100874,1
FL,1100875,1
FL,1100876,1
FL,1100877,1
FL,1100878,1
FL,1100879,1
FL,1100880,1
FL,1100881,1
FL,1100881,2
FL,1100881,3
FL,1100882,1
FL,1100883,1
FL,1100883,2
FL,1100883,3
FL,1100883,4
FL,1100884,1
FL,1100884,2
FL,1100885,1
FL,1100886,1
FL,1100887,1
FL,1100888,1
FL,1100888,2
FL,1100889,1
FL,1100889,2
FL,1100889,3
FL,1100889,4
FL,1100889,5
FL,1100890,1
FL,1100891,1
FL,1100892,1
FL,1100892,2
FL,1100893,1
FL,1100894,1
FL,1100895,1
FL,1100896,1
FL,1100896,2
FL,1100897,1
FL,1100897,2
FL,1100898,1
FL,1100900,1
FL,1100901,1
FL,1100902,1
FL,1100903,1
FL,1100904,1
FL,1100905,1
FL,1100906,1
FL,1100907,1
FL,1100908,1
FL,1100909,1
FL,1100910,1
FL,1100911,1
FL,1100912,1
FL,1100913,1
FL,1100913,2
FL,1100914,1
FL,1100915,1
FL,1100915,2
FL,1100915,3
FL,1100915,4
FL,1100916,1
FL,1100916,2
FL,1100916,3
FL,1100916,4
FL,1100916,5
FL,1100917,1
FL,1100917,2
FL,1100917,3
FL,1100918,1
FL,1100919,1
FL,1100920,1
FL,1100921,1
FL,1100922,1
FL,1100923,1
FL,1100923,2
FL,1100923,3
FL,1100924,1
FL,1100925,1
FL,1100925,2
FL,1100925,3
FL,1100925,4
FL,1100925,5
FL,1100925,6
FL,1100925,7
FL,1100925,8
FL,1100925,9
FL,1100925,10
FL,1100925,11
FL,1100925,12
FL,1100925,13
FL,1100925,14
FL,1100926,1
FL,1100926,2
FL,1100927,1
FL,1100928,1
FL,1100929,1
FL,1100930,1
FL,1100931,1
FL,1100932,1
FL,1100932,2
FL,1100932,3
FL,1100932,4
FL,1100932,5
FL,1100932,6
FL,1100932,7
FL,1100933,1
FL,1100933,2
FL,1100933,3
FL,1100933,4
FL,1100934,1
FL,1100935,1
FL,1100935,2
FL,1100936,1
FL,1100937,1
FL,1100938,1
FL,1100938,2
FL,1100938,3
FL,1100939,1
FL,1100939,2
FL,1100940,1
FL,1100941,1
FL,1100941,2
FL,1100941,3
FL,1100941,4
FL,1100941,5
FL,1100942,1
FL,1100943,1
FL,1100944,1
FL,1100945,1
FL,1100945,2
FL,1100946,1
FL,1100946,2
FL,1100946,3
FL,1100947,1
FL,1100947,2
FL,1100947,3
FL,1100948,1
FL,1100949,1
FL,1100950,1
FL,1100951,1
FL,1100952,1
FL,1100954,1
FL,1100954,2
FL,1100955,1
FL,1100956,1
FL,1100956,2
FL,1100957,1
FL,1100958,1
FL,1100959,1
FL,1100960,1
FL,1100960,2
FL,1100960,3
FL,1100960,4
FL,1100960,5
FL,1100960,6
FL,1100960,7
FL,1100960,8
FL,1100960,9
FL,1100960,10
FL,1100960,11
FL,1100960,12
FL,1100960,13
FL,1100960,14
FL,1100960,15
FL,1100960,16
FL,1100960,17
FL,1100960,18
FL,1100961,1
FL,1100962,1
FL,1100963,1
FL,1100963,2
FL,1100963,3
FL,1100964,1
FL,1100964,2
FL,1100965,1
FL,1100965,2
FL,1100966,1
FL,1100966,2
FL,1100967,1
FL,1100968,1
FL,1100969,1
FL,1100970,1
FL,1100971,1
FL,1100972,1
FL,1100973,1
FL,1100974,1
FL,1100974,2
FL,1100975,1
FL,1100976,1
FL,1100977,1
FL,1100977,2
FL,1100977,3
FL,1100977,4
FL,1100977,5
FL,1100977,6
FL,1100977,7
FL,1100977,8
FL,1100977,9
FL,1100977,10
FL,1100977,11
FL,1100977,12
FL,1100977,13
FL,1100977,14
FL,1100977,15
FL,1100977,16
FL,1100977,17
FL,1100977,18
FL,1100977,19
FL,1100977,20
FL,1100977,21
FL,1100977,22
FL,1100977,23
FL,1100977,24
FL,1100977,25
FL,1100977,26
FL,1100978,1
FL,1100978,2
FL,1100979,1
FL,1100980,1
FL,1100980,2
FL,1100980,3
FL,1100981,1
FL,1100981,2
FL,1100982,1
FL,1100983,1
FL,1100983,2
FL,1100984,1
FL,1100985,1
FL,1100986,1
FL,1100986,2
FL,1100987,1
FL,1100988,1
FL,1100989,1
FL,1100990,1
FL,1100990,2
FL,1100990,3
FL,1100991,1
FL,1100992,1
FL,1100993,1
FL,1100993,2
FL,1100993,3
FL,1100993,4
FL,1100993,5
FL,1100994,1
FL,1100995,1
FL,1100996,1
FL,1100997,1
FL,1100997,2
FL,1100997,3
FL,1100998,1
FL,1100998,2
FL,1100999,1
FL,1101000,1
FL,1101001,1
FL,1101002,1
FL,1101003,1
FL,1101004,1
FL,1101005,1
FL,1101006,1
FL,1101007,1
FL,1101009,1
FL,1101009,2
FL,1101009,3
FL,1101010,1
FL,1101011,1
FL,1101012,1
FL,1101013,1
FL,1101014,1
FL,1101015,1
FL,1101016,1
FL,1101017,1
FL,1101018,1
FL,1101018,2
FL,1101018,3
FL,1101018,4
FL,1101018,5
FL,1101018,6
FL,1101019,1
FL,1101020,1
FL,1101021,1
FL,1101022,1
FL,1101023,1
FL,1101023,2
FL,1101024,1
FL,1101025,1
FL,1101025,2
FL,1101025,3
FL,1101025,4
FL,1101026,1
FL,1101027,1
FL,1101028,1
FL,1101029,1
FL,1101029,2
FL,1101029,3
FL,1101029,4
FL,1101029,5
FL,1101030,1
FL,1101031,1
FL,1101032,1
FL,1101033,1
FL,1101034,1
FL,1101035,1
FL,1101036,1
FL,1101037,1
FL,1101038,1
FL,1101039,1
FL,1101040,1
FL,1101040,2
FL,1101040,3
FL,1101040,4
FL,1101040,5
FL,1101040,6
FL,1101040,7
FL,1101040,8
FL,1101040,9
FL,1101040,10
FL,1101040,11
FL,1101040,12
FL,1101040,13
FL,1101041,1
FL,1101041,2
FL,1101041,3
FL,1101041,4
FL,1101042,1
FL,1101043,1
FL,1101044,1
FL,1101045,1
FL,1101045,2
FL,1101046,1
FL,1101047,1
FL,1101048,1
FL,1101049,1
FL,1101050,1
FL,1101050,2
FL,1101051,1
FL,1101052,1
FL,1101053,1
FL,1101054,1
FL,1101055,1
FL,1101055,2
FL,1101055,3
FL,1101055,4
FL,1101055,5
FL,1101055,6
FL,1101055,7
FL,1101055,8
FL,1101055,9
FL,1101056,1
FL,1101057,1
FL,1101057,2
FL,1101057,3
FL,1101057,4
FL,1101057,5
FL,1101057,6
FL,1101058,1
FL,1101058,2
FL,1101058,3
FL,1101059,1
FL,1101060,1
FL,1101061,1
FL,1101062,1
FL,1101062,2
FL,1101063,1
FL,1101064,1
FL,1101064,2
FL,1101064,3
FL,1101065,1
FL,1101066,1
FL,1101066,2
FL,1101066,3
FL,1101066,4
FL,1101067,1
FL,1101067,2
FL,1101068,1
FL,1101069,1
FL,1101069,2
FL,1101069,3
FL,1101069,4
FL,1101070,1
FL,1101071,1
FL,1101072,1
FL,1101073,1
FL,1101073,2
FL,1101074,1
FL,1101075,1
FL,1101076,1
FL,1101077,1
FL,1101077,2
FL,1101078,1
FL,1101078,2
FL,1101078,3
FL,1101079,1
FL,1101080,1
FL,1101081,1
FL,1101082,1
FL,1101083,1
FL,1101083,2
FL,1101084,1
FL,1101085,1
FL,1101085,2
FL,1101086,1
FL,1101086,2
FL,1101086,3
FL,1101086,4
FL,1101087,1
FL,1101088,1
FL,1101089,1
FL,1101092,1
FL,1101094,1
FL,1101094,2
FL,1101096,1
FL,1101097,1
FL,1101098,1
FL,1101099,1
FL,1101100,1
FL,1101101,1
FL,1101102,1
FL,1101102,2
FL,1101104,1
FL,1101104,2
FL,1101105,1
FL,1101105,2
FL,1101106,1
FL,1101107,1
FL,1101107,2
FL,1101108,1
FL,1101108,2
FL,1101109,1
FL,1101109,2
FL,1101109,3
FL,1101110,1
FL,1101111,1
FL,1101112,1
FL,1101113,1
FL,1101114,1
FL,1101115,1
FL,1101116,1
FL,1101118,1
FL,1101118,2
FL,1101120,1
FL,1101121,1
FL,1101123,1
FL,1101123,2
FL,1101124,1
FL,1101125,1
FL,1101125,2
FL,1101125,3
FL,1101126,1
FL,1101127,1
FL,1101128,1
FL,1101128,2
FL,1101129,1
FL,1101130,1
FL,1101132,1
FL,1101133,1
FL,1101134,1
FL,1101135,1
FL,1101136,1
FL,1101137,1
FL,1101139,1
FL,1101141,1
FL,1101141,2
FL,1101145,1
FL,1101145,2
FL,1101146,1
FL,1101146,2
FL,1101147,1
FL,1101148,1
FL,1101149,1
FL,1101149,2
FL,1101150,1
FL,1101151,1
FL,1101152,1
FL,1101153,1
FL,1101153,2
FL,1101153,3
FL,1101153,4
FL,1101153,5
FL,1101153,6
FL,1101153,7
FL,1101154,1
FL,1101155,1
FL,1101156,1
FL,1101156,2
FL,1101157,1
FL,1101158,1
FL,1101159,1
FL,1101160,1
FL,1101161,1
FL,1101162,1
FL,1101163,1
FL,1101163,2
FL,1101164,1
FL,1101164,2
FL,1101165,1
FL,1101166,1
FL,1101167,1
FL,1101168,1
FL,1101169,1
FL,1101170,1
FL,1101171,1
FL,1101172,1
FL,1101173,1
FL,1101173,2
FL,1101174,1
FL,1101175,1
FL,1101176,1
FL,1101176,2
FL,1101177,1
FL,1101178,1
FL,1101178,2
FL,1101178,3
FL,1101178,4
FL,1101178,5
FL,1101179,1
FL,1101180,1
FL,1101180,2
FL,1101181,1
FL,1101181,2
FL,1101182,1
FL,1101183,1
FL,1101184,1
FL,1101185,1
FL,1101186,1
FL,1101187,1
FL,1101188,1
FL,1101189,1
FL,1101190,1
FL,1101191,1
FL,1101192,1
FL,1101193,1
FL,1101194,1
FL,1101195,1
FL,1101196,1
FL,1101197,1
FL,1101198,1
FL,1101199,1
FL,1101200,1
FL,1101201,1
FL,1101202,1
FL,1101202,2
FL,1101203,1
FL,1101204,1
FL,1101205,1
FL,1101205,2
FL,1101205,3
FL,1101205,4
FL,1101205,5
FL,1101205,6
FL,1101206,1
FL,1101207,1
FL,1101207,2
FL,1101208,1
FL,1101209,1
FL,1101210,1
FL,1101211,1
FL,1101212,1
FL,1101212,2
FL,1101213,1
FL,1101214,1
FL,1101214,2
FL,1101215,1
FL,1101216,1
FL,1101217,1
FL,1101218,1
FL,1101219,1
FL,1101220,1
FL,1101220,2
FL,1101221,1
FL,1101222,1
FL,1101223,1
FL,1101224,1
FL,1101225,1
FL,1101225,2
FL,1101225,3
FL,1101225,4
FL,1101226,1
FL,1101227,1
FL,1101228,1
FL,1101229,1
FL,1101230,1
FL,1101231,1
FL,1101231,2
FL,1101232,1
FL,1101232,2
FL,1101233,1
FL,1101234,1
FL,1101235,1
FL,1101235,2
FL,1101236,1
FL,1101237,1
FL,1101238,1
FL,1101239,1
FL,1101240,1
FL,1101241,1
FL,1101242,1
FL,1101243,1
FL,1101244,1
FL,1101245,1
FL,1101246,1
FL,1101247,1
FL,1101247,2
FL,1101248,1
FL,1101249,1
FL,1101249,2
FL,1101249,3
FL,1101250,1
FL,1101251,1
FL,1101251,2
FL,1101252,1
FL,1101253,1
FL,1101254,1
FL,1101254,2
FL,1101255,1
FL,1101256,1
FL,1101257,1
FL,1101258,1
FL,1101259,1
FL,1101259,2
FL,1101259,3
FL,1101259,4
FL,1101259,5
FL,1101259,6
FL,1101260,1
FL,1101261,1
FL,1101262,1
FL,1101262,2
FL,1101263,1
FL,1101264,1
FL,1101265,1
FL,1101265,2
FL,1101266,1
FL,1101267,1
FL,1101268,1
FL,1101269,1
FL,1101270,1
FL,1101271,1
FL,1101272,1
FL,1101273,1
FL,1101274,1
FL,1101275,1
FL,1101276,1
FL,1101277,1
FL,1101278,1
FL,1101279,1
FL,1101280,1
FL,1101281,1
FL,1101282,1
FL,1101283,1
FL,1101284,1
FL,1101284,2
FL,1101284,3
FL,1101285,1
FL,1101285,2
FL,1101285,3
FL,1101285,4
FL,1101286,1
FL,1101287,1
FL,1101288,1
FL,1101289,1
FL,1101290,1
FL,1101290,2
FL,1101290,3
FL,1101290,4
FL,1101290,5
FL,1101290,6
FL,1101290,7
FL,1101290,8
FL,1101290,9
FL,1101290,10
FL,1101290,11
FL,1101290,12
FL,1101290,13
FL,1101290,14
FL,1101290,15
FL,1101290,16
FL,1101290,17
FL,1101290,18
FL,1101290,19
FL,1101290,20
FL,1101291,1
FL,1101292,1
FL,1101292,2
FL,1101293,1
FL,1101294,1
FL,1101295,1
FL,1101296,1
FL,1101297,1
FL,1101298,1
FL,1101299,1
FL,1101300,1
FL,1101301,1
FL,1101302,1
FL,1101303,1
FL,1101304,1
FL,1101305,1
FL,1101305,2
FL,1101305,3
FL,1101305,4
FL,1101305,5
FL,1101305,6
FL,1101305,7
FL,1101305,8
FL,1101305,9
FL,1101306,1
FL,1101306,2
FL,1101307,1
FL,1101307,2
FL,1101307,3
FL,1101307,4
FL,1101307,5
FL,1101307,6
FL,1101308,1
FL,1101308,2
FL,1101308,3
FL,1101308,4
FL,1101308,5
FL,1101308,6
FL,1101309,1
FL,1101310,1
FL,1101310,2
FL,1101311,1
FL,1101312,1
FL,1101313,1
FL,1101314,1
FL,1101315,1
FL,1101316,1
FL,1101317,1
FL,1101318,1
FL,1101319,1
FL,1101320,1
FL,1101320,2
FL,1101321,1
FL,1101322,1
FL,1101323,1
FL,1101324,1
FL,1101325,1
FL,1101325,2
FL,1101325,3
FL,1101326,1
FL,1101327,1
FL,1101328,1
FL,1101328,2
FL,1101329,1
FL,1101330,1
FL,1101331,1
FL,1101331,2
FL,1101332,1
FL,1101333,1
FL,1101334,1
FL,1101335,1
FL,1101336,1
FL,1101337,1
FL,1101338,1
FL,1101339,1
FL,1101339,2
FL,1101340,1
FL,1101341,1
FL,1101342,1
FL,1101343,1
FL,1101344,1
FL,1101344,2
FL,1101345,1
FL,1101345,2
FL,1101345,3
FL,1101346,1
FL,1101346,2
FL,1101347,1
FL,1101348,1
FL,1101349,1
FL,1101349,2
FL,1101350,1
FL,1101351,1
FL,1101352,1
FL,1101353,1
FL,1101354,1
FL,1101355,1
FL,1101356,1
FL,1101357,1
FL,1101358,1
FL,1101358,2
FL,1101358,3
FL,1101359,1
FL,1101359,2
FL,1101360,1
FL,1101361,1
FL,1101362,1
FL,1101363,1
FL,1101364,1
FL,1101365,1
FL,1101366,1
FL,1101367,1
FL,1101368,1
FL,1101369,1
FL,1101370,1
FL,1101371,1
FL,1101372,1
FL,1101372,2
FL,1101372,3
FL,1101373,1
FL,1101374,1
FL,1101374,2
FL,1101374,3
FL,1101375,1
FL,1101376,1
FL,1101377,1
FL,1101378,1
FL,1101378,2
FL,1101379,1
FL,1101380,1
FL,1101381,1
FL,1101382,1
FL,1101383,1
FL,1101384,1
FL,1101385,1
FL,1101386,1
FL,1101387,1
FL,1101388,1
FL,1101388,2
FL,1101389,1
FL,1101390,1
FL,1101390,2
FL,1101391,1
FL,1101391,2
FL,1101392,1
FL,1101392,2
FL,1101393,1
FL,1101394,1
FL,1101395,1
FL,1101396,1
FL,1101397,1
FL,1101398,1
FL,1101399,1
FL,1101400,1
FL,1101400,2
FL,1101400,3
FL,1101400,4
FL,1101400,5
FL,1101401,1
FL,1101401,2
FL,1101402,1
FL,1101403,1
FL,1101404,1
FL,1101405,1
FL,1101405,2
FL,1101406,1
FL,1101407,1
FL,1101408,1
FL,1101409,1
FL,1101410,1
FL,1101410,2
FL,1101410,3
FL,1101410,4
FL,1101410,5
FL,1101410,6
FL,1101410,7
FL,1101411,1
FL,1101411,2
FL,1101412,1
FL,1101413,1
FL,1101414,1
FL,1101415,1
FL,1101416,1
FL,1101417,1
FL,1101418,1
FL,1101419,1
FL,1101420,1
FL,1101421,1
FL,1101421,2
FL,1101422,1
FL,1101423,1
FL,1101424,1
FL,1101425,1
FL,1101426,1
FL,1101426,2
FL,1101427,1
FL,1101428,1
FL,1101428,2
FL,1101429,1
FL,1101430,1
FL,1101431,1
FL,1101432,1
FL,1101432,2
FL,1101432,3
FL,1101433,1
FL,1101433,2
FL,1101433,3
FL,1101434,1
FL,1101434,2
FL,1101434,3
FL,1101434,4
FL,1101435,1
FL,1101436,1
FL,1101437,1
FL,1101438,1
FL,1101439,1
FL,1101440,1
FL,1101441,1
FL,1101442,1
FL,1101443,1
FL,1101443,2
FL,1101444,1
FL,1101445,1
FL,1101445,2
FL,1101445,3
FL,1101446,1
FL,1101446,2
FL,1101446,3
FL,1101446,4
FL,1101446,5
FL,1101446,6
FL,1101446,7
FL,1101446,8
FL,1101447,1
FL,1101448,1
FL,1101449,1
FL,1101449,2
FL,1101450,1
FL,1101451,1
FL,1101451,2
FL,1101452,1
FL,1101453,1
FL,1101453,2
FL,1101454,1
FL,1101455,1
FL,1101456,1
FL,1101457,1
FL,1101458,1
FL,1101459,1
FL,1101460,1
FL,1101460,2
FL,1101460,3
FL,1101460,4
FL,1101460,5
FL,1101461,1
FL,1101462,1
FL,1101463,1
FL,1101464,1
FL,1101465,1
FL,1101466,1
FL,1101466,2
FL,1101467,1
FL,1101467,2
FL,1101468,1
FL,1101469,1
FL,1101470,1
FL,1101471,1
FL,1101472,1
FL,1101473,1
FL,1101474,1
FL,1101475,1
FL,1101476,1
FL,1101477,1
FL,1101477,2
FL,1101478,1
FL,1101479,1
FL,1101480,1
FL,1101481,1
FL,1101482,1
FL,1101483,1
FL,1101484,1
FL,1101485,1
FL,1101486,1
FL,1101486,2
FL,1101487,1
FL,1101488,1
FL,1101488,2
FL,1101489,1
FL,1101490,1
FL,1101491,1
FL,1101492,1
FL,1101493,1
FL,1101494,1
FL,1101495,1
FL,1101495,2
FL,1101495,3
FL,1101495,4
FL,1101495,5
FL,1101495,6
FL,1101495,7
FL,1101495,8
FL,1101495,9
FL,1101495,10
FL,1101495,11
FL,1101495,12
FL,1101495,13
FL,1101495,14
FL,1101495,15
FL,1101495,16
FL,1101495,17
FL,1101495,18
FL,1101495,19
FL,1101495,20
FL,1101495,21
FL,1101495,22
FL,1101495,23
FL,1101495,24
FL,1101495,25
FL,1101495,26
FL,1101495,27
FL,1101496,1
FL,1101497,1
FL,1101498,1
FL,1101498,2
FL,1101499,1
FL,1101500,1
FL,1101501,1
FL,1101502,1
FL,1101503,1
FL,1101503,2
FL,1101504,1
FL,1101505,1
FL,1101506,1
FL,1101507,1
FL,1101508,1
FL,1101509,1
FL,1101509,2
FL,1101509,3
FL,1101509,4
FL,1101509,5
FL,1101509,6
FL,1101509,7
FL,1101509,8
FL,1101509,9
FL,1101509,10
FL,1101510,1
FL,1101511,1
FL,1101512,1
FL,1101513,1
FL,1101514,1
FL,1101515,1
FL,1101516,1
FL,1101517,1
FL,1101518,1
FL,1101519,1
FL,1101520,1
FL,1101521,1
FL,1101522,1
FL,1101523,1
FL,1101523,2
FL,1101523,3
FL,1101523,4
FL,1101523,5
FL,1101523,6
FL,1101523,7
FL,1101524,1
FL,1101525,1
FL,1101526,1
FL,1101527,1
FL,1101528,1
FL,1101529,1
FL,1101529,2
FL,1101530,1
FL,1101531,1
FL,1101532,1
FL,1101533,1
FL,1101534,1
FL,1101534,2
FL,1101535,1
FL,1101536,1
FL,1101536,2
FL,1101537,1
FL,1101538,1
FL,1101539,1
FL,1101540,1
FL,1101541,1
FL,1101542,1
FL,1101543,1
FL,1101544,1
FL,1101545,1
FL,1101546,1
FL,1101547,1
FL,1101548,1
FL,1101549,1
FL,1101550,1
FL,1101550,2
FL,1101551,1
FL,1101552,1
FL,1101553,1
FL,1101554,1
FL,1101555,1
FL,1101556,1
FL,1101557,1
FL,1101558,1
FL,1101559,1
FL,1101560,1
FL,1101561,1
FL,1101561,2
FL,1101562,1
FL,1101563,1
FL,1101564,1
FL,1101565,1
FL,1101566,1
FL,1101567,1
FL,1101568,1
FL,1101568,2
FL,1101568,3
FL,1101568,4
FL,1101568,5
FL,1101568,6
FL,1101568,7
FL,1101568,8
FL,1101568,9
FL,1101568,10
FL,1101568,11
FL,1101568,12
FL,1101568,13
FL,1101568,14
FL,1101568,15
FL,1101569,1
FL,1101570,1
FL,1101571,1
FL,1101571,2
FL,1101572,1
FL,1101572,2
FL,1101572,3
FL,1101572,4
FL,1101573,1
FL,1101574,1
FL,1101575,1
FL,1101576,1
FL,1101577,1
FL,1101578,1
FL,1101579,1
FL,1101579,2
FL,1101579,3
FL,1101579,4
FL,1101580,1
FL,1101581,1
FL,1101582,1
FL,1101583,1
FL,1101584,1
FL,1101585,1
FL,1101586,1
FL,1101587,1
FL,1101588,1
FL,1101588,2
FL,1101588,3
FL,1101588,4
FL,1101588,5
FL,1101588,6
FL,1101588,7
FL,1101589,1
FL,1101590,1
FL,1101590,2
FL,1101590,3
FL,1101591,1
FL,1101592,1
FL,1101593,1
FL,1101594,1
FL,1101595,1
FL,1101596,1
FL,1101597,1
FL,1101598,1
FL,1101599,1
FL,1101600,1
FL,1101601,1
FL,1101602,1
FL,1101603,1
FL,1101604,1
FL,1101604,2
FL,1101605,1
FL,1101606,1
FL,1101607,1
FL,1101608,1
FL,1101609,1
FL,1101610,1
FL,1101610,2
FL,1101610,3
FL,1101610,4
FL,1101611,1
FL,1101612,1
FL,1101612,2
FL,1101613,1
FL,1101614,1
FL,1101615,1
FL,1101616,1
FL,1101617,1
FL,1101618,1
FL,1101619,1
FL,1101620,1
FL,1101620,2
FL,1101620,3
FL,1101621,1
FL,1101622,1
FL,1101623,1
FL,1101624,1
FL,1101625,1
FL,1101626,1
FL,1101627,1
FL,1101628,1
FL,1101628,2
FL,1101629,1
FL,1101629,2
FL,1101629,3
FL,1101629,4
FL,1101630,1
FL,1101630,2
FL,1101631,1
FL,1101631,2
FL,1101632,1
FL,1101633,1
FL,1101633,2
FL,1101633,3
FL,1101633,4
FL,1101633,5
FL,1101633,6
FL,1101633,7
FL,1101634,1
FL,1101635,1
FL,1101636,1
FL,1101636,2
FL,1101637,1
FL,1101638,1
FL,1101639,1
FL,1101640,1
FL,1101640,2
FL,1101640,3
FL,1101641,1
FL,1101642,1
FL,1101642,2
FL,1101642,3
FL,1101643,1
FL,1101644,1
FL,1101645,1
FL,1101646,1
FL,1101647,1
FL,1101648,1
FL,1101649,1
FL,1101650,1
FL,1101651,1
FL,1101652,1
FL,1101653,1
FL,1101654,1
FL,1101654,2
FL,1101654,3
FL,1101655,1
FL,1101655,2
FL,1101655,3
FL,1101656,1
FL,1101657,1
FL,1101658,1
FL,1101659,1
FL,1101659,2
FL,1101659,3
FL,1101659,4
FL,1101659,5
FL,1101660,1
FL,1101661,1
FL,1101662,1
FL,1101663,1
FL,1101664,1
FL,1101665,1
FL,1101666,1
FL,1101666,2
FL,1101667,1
FL,1101668,1
FL,1101669,1
FL,1101670,1
FL,1101670,2
FL,1101671,1
FL,1101672,1
FL,1101673,1
FL,1101674,1
FL,1101675,1
FL,1101676,1
FL,1101677,1
FL,1101678,1
FL,1101679,1
FL,1101680,1
FL,1101681,1
FL,1101682,1
FL,1101683,1
FL,1101684,1
FL,1101685,1
FL,1101686,1
FL,1101687,1
FL,1101687,2
FL,1101687,3
FL,1101687,4
FL,1101687,5
FL,1101688,1
FL,1101689,1
FL,1101690,1
FL,1101691,1
FL,1101692,1
FL,1101692,2
FL,1101692,3
FL,1101692,4
FL,1101692,5
FL,1101693,1
FL,1101693,2
FL,1101693,3
FL,1101693,4
FL,1101694,1
FL,1101695,1
FL,1101696,1
FL,1101696,2
FL,1101697,1
FL,1101698,1
FL,1101698,2
FL,1101699,1
FL,1101699,2
FL,1101700,1
FL,1101701,1
FL,1101702,1
FL,1101703,1
FL,1101704,1
FL,1101705,1
FL,1101706,1
FL,1101707,1
FL,1101708,1
FL,1101708,2
FL,1101709,1
FL,1101710,1
FL,1101710,2
FL,1101712,1
FL,1101712,2
FL,1101712,3
FL,1101713,1
FL,1101714,1
FL,1101714,2
FL,1101714,3
FL,1101715,1
FL,1101716,1
FL,1101717,1
FL,1101717,2
FL,1101717,3
FL,1101717,4
FL,1101717,5
FL,1101717,6
FL,1101717,7
FL,1101717,8
FL,1101718,1
FL,1101719,1
FL,1101719,2
FL,1101719,3
FL,1101720,1
FL,1101721,1
FL,1101721,2
FL,1101722,1
FL,1101723,1
FL,1101724,1
FL,1101724,2
FL,1101724,3
FL,1101724,4
FL,1101724,5
FL,1101724,6
FL,1101724,7
FL,1101724,8
FL,1101724,9
FL,1101725,1
FL,1101725,2
FL,1101725,3
FL,1101726,1
FL,1101727,1
FL,1101728,1
FL,1101729,1
FL,1101729,2
FL,1101729,3
FL,1101730,1
FL,1101731,1
FL,1101732,1
FL,1101733,1
FL,1101734,1
FL,1101735,1
FL,1101735,2
FL,1101735,3
FL,1101735,4
FL,1101735,5
FL,1101736,1
FL,1101737,1
FL,1101738,1
FL,1101739,1
FL,1101740,1
FL,1101741,1
FL,1101742,1
FL,1101743,1
FL,1101744,1
FL,1101744,2
FL,1101744,3
FL,1101745,1
FL,1101746,1
FL,1101747,1
FL,1101747,2
FL,1101748,1
FL,1101749,1
FL,1101750,1
FL,1101751,1
FL,1101752,1
FL,1101753,1
FL,1101754,1
FL,1101755,1
FL,1101756,1
FL,1101756,2
FL,1101757,1
FL,1101757,2
FL,1101757,3
FL,1101758,1
FL,1101759,1
FL,1101760,1
FL,1101760,2
FL,1101761,1
FL,1101761,2
FL,1101762,1
FL,1101763,1
FL,1101764,1
FL,1101765,1
FL,1101766,1
FL,1101767,1
FL,1101767,2
FL,1101767,3
FL,1101767,4
FL,1101767,5
FL,1101767,6
FL,1101767,7
FL,1101768,1
FL,1101769,1
FL,1101769,2
FL,1101770,1
FL,1101770,2
FL,1101770,3
FL,1101771,1
FL,1101771,2
FL,1101771,3
FL,1101771,4
FL,1101771,5
FL,1101772,1
FL,1101772,2
FL,1101772,3
FL,1101773,1
FL,1101774,1
FL,1101775,1
FL,1101776,1
FL,1101777,1
FL,1101777,2
FL,1101777,3
FL,1101777,4
FL,1101777,5
FL,1101777,6
FL,1101778,1
FL,1101778,2
FL,1101778,3
FL,1101778,4
FL,1101779,1
FL,1101780,1
FL,1101780,2
FL,1101781,1
FL,1101781,2
FL,1101781,3
FL,1101782,1
FL,1101783,1
FL,1101785,1
FL,1101786,1
FL,1101787,1
FL,1101788,1
FL,1101789,1
FL,1101790,1
FL,1101790,2
FL,1101791,1
FL,1101792,1
FL,1101792,2
FL,1101792,3
FL,1101793,1
FL,1101794,1
FL,1101795,1
FL,1101796,1
FL,1101796,2
FL,1101796,3
FL,1101796,4
FL,1101796,5
FL,1101796,6
FL,1101796,7
FL,1101796,8
FL,1101797,1
FL,1101798,1
FL,1101799,1
FL,1101800,1
FL,1101800,2
FL,1101800,3
FL,1101800,4
FL,1101801,1
FL,1101802,1
FL,1101802,2
FL,1101803,1
FL,1101804,1
FL,1101805,1
FL,1101805,2
FL,1101805,3
FL,1101806,1
FL,1101807,1
FL,1101807,2
FL,1101808,1
FL,1101808,2
FL,1101808,3
FL,1101808,4
FL,1101808,5
FL,1101808,6
FL,1101808,7
FL,1101808,8
FL,1101808,9
FL,1101809,1
FL,1101810,1
FL,1101811,1
FL,1101812,1
FL,1101813,1
FL,1101814,1
FL,1101815,1
FL,1101816,1
FL,1101816,2
FL,1101816,3
FL,1101817,1
FL,1101818,1
FL,1101819,1
FL,1101820,1
FL,1101821,1
FL,1101822,1
FL,1101822,2
FL,1101822,3
FL,1101822,4
FL,1101822,5
FL,1101822,6
FL,1101822,7
FL,1101822,8
FL,1101822,9
FL,1101822,10
FL,1101823,1
FL,1101824,1
FL,1101824,2
FL,1101824,3
FL,1101824,4
FL,1101824,5
FL,1101825,1
FL,1101825,2
FL,1101826,1
FL,1101827,1
FL,1101828,1
FL,1101829,1
FL,1101830,1
FL,1101831,1
FL,1101831,2
FL,1101832,1
FL,1101832,2
FL,1101832,3
FL,1101832,4
FL,1101832,5
FL,1101832,6
FL,1101832,7
FL,1101832,8
FL,1101832,9
FL,1101832,10
FL,1101832,11
FL,1101832,12
FL,1101832,13
FL,1101832,14
FL,1101832,15
FL,1101832,16
FL,1101832,17
FL,1101832,18
FL,1101832,19
FL,1101832,20
FL,1101832,21
FL,1101832,22
FL,1101832,23
FL,1101832,24
FL,1101832,25
FL,1101832,26
FL,1101833,1
FL,1101834,1
FL,1101835,1
FL,1101836,1
FL,1101837,1
FL,1101838,1
FL,1101839,1
FL,1101839,2
FL,1101839,3
FL,1101840,1
FL,1101840,2
FL,1101841,1
FL,1101842,1
FL,1101843,1
FL,1101844,1
FL,1101845,1
FL,1101846,1
FL,1101847,1
FL,1101848,1
FL,1101848,2
FL,1101848,3
FL,1101849,1
FL,1101850,1
FL,1101851,1
FL,1101852,1
FL,1101852,2
FL,1101852,3
FL,1101852,4
FL,1101852,5
FL,1101852,6
FL,1101852,7
FL,1101852,8
FL,1101853,1
FL,1101854,1
FL,1101855,1
FL,1101856,1
FL,1101857,1
FL,1101858,1
FL,1101859,1
FL,1101860,1
FL,1101861,1
FL,1101862,1
FL,1101863,1
FL,1101864,1
FL,1101865,1
FL,1101866,1
FL,1101866,2
FL,1101867,1
FL,1101868,1
FL,1101869,1
FL,1101870,1
FL,1101871,1
FL,1101872,1
FL,1101873,1
FL,1101874,1
FL,1101875,1
FL,1101875,2
FL,1101875,3
FL,1101875,4
FL,1101875,5
FL,1101875,6
FL,1101875,7
FL,1101876,1
FL,1101876,2
FL,1101877,1
FL,1101878,1
FL,1101879,1
FL,1101879,2
FL,1101880,1
FL,1101881,1
FL,1101881,2
FL,1101881,3
FL,1101881,4
FL,1101881,5
FL,1101881,6
FL,1101881,7
FL,1101881,8
FL,1101881,9
FL,1101881,10
FL,1101882,1
FL,1101883,1
FL,1101884,1
FL,1101885,1
FL,1101886,1
FL,1101886,2
FL,1101886,3
FL,1101887,1
FL,1101888,1
FL,1101889,1
FL,1101890,1
FL,1101891,1
FL,1101891,2
FL,1101891,3
FL,1101891,4
FL,1101891,5
FL,1101891,6
FL,1101891,7
FL,1101891,8
FL,1101891,9
FL,1101892,1
FL,1101892,2
FL,1101893,1
FL,1101894,1
FL,1101895,1
FL,1101896,1
FL,1101896,2
FL,1101897,1
FL,1101898,1
FL,1101899,1
FL,1101900,1
FL,1101901,1
FL,1101901,2
FL,1101901,3
FL,1101902,1
FL,1101903,1
FL,1101904,1
FL,1101905,1
FL,1101906,1
FL,1101907,1
FL,1101907,2
FL,1101908,1
FL,1101909,1
FL,1101910,1
FL,1101911,1
FL,1101912,1
FL,1101912,2
FL,1101912,3
FL,1101912,4
FL,1101913,1
FL,1101914,1
FL,1101915,1
FL,1101916,1
FL,1101917,1
FL,1101918,1
FL,1101919,1
FL,1101919,2
FL,1101919,3
FL,1101919,4
FL,1101919,5
FL,1101919,6
FL,1101920,1
FL,1101920,2
FL,1101921,1
FL,1101922,1
FL,1101922,2
FL,1101923,1
FL,1101924,1
FL,1101925,1
FL,1101925,2
FL,1101926,1
FL,1101927,1
FL,1101928,1
FL,1101929,1
FL,1101930,1
FL,1101931,1
FL,1101932,1
FL,1101932,2
FL,1101932,3
FL,1101933,1
FL,1101933,2
FL,1101933,3
FL,1101933,4
FL,1101933,5
FL,1101933,6
FL,1101933,7
FL,1101934,1
FL,1101934,2
FL,1101934,3
FL,1101934,4
FL,1101934,5
FL,1101934,6
FL,1101934,7
FL,1101934,8
FL,1101934,9
FL,1101934,10
FL,1101934,11
FL,1101934,12
FL,1101934,13
FL,1101934,14
FL,1101935,1
FL,1101936,1
FL,1101937,1
FL,1101938,1
FL,1101939,1
FL,1101940,1
FL,1101941,1
FL,1101942,1
FL,1101943,1
FL,1101944,1
FL,1101945,1
FL,1101946,1
FL,1101947,1
FL,1101948,1
FL,1101949,1
FL,1101950,1
FL,1101951,1
FL,1101952,1
FL,1101953,1
FL,1101954,1
FL,1101955,1
FL,1101956,1
FL,1101957,1
FL,1101958,1
FL,1101958,2
FL,1101958,3
FL,1101959,1
FL,1101960,1
FL,1101960,2
FL,1101961,1
FL,1101962,1
FL,1101963,1
FL,1101964,1
FL,1101965,1
FL,1101966,1
FL,1101967,1
FL,1101967,2
FL,1101967,3
FL,1101968,1
FL,1101968,2
FL,1101969,1
FL,1101969,2
FL,1101971,1
FL,1101972,1
FL,1101973,1
FL,1101974,1
FL,1101974,2
FL,1101974,3
FL,1101974,4
FL,1101975,1
FL,1101976,1
FL,1101976,2
FL,1101976,3
FL,1101976,4
FL,1101976,5
FL,1101976,6
FL,1101976,7
FL,1101976,8
FL,1101977,1
FL,1101978,1
FL,1101979,1
FL,1101980,1
FL,1101981,1
FL,1101981,2
FL,1101981,3
FL,1101981,4
FL,1101981,5
FL,1101982,1
FL,1101983,1
FL,1101984,1
FL,1101985,1
FL,1101986,1
FL,1101986,2
FL,1101987,1
FL,1101988,1
FL,1101989,1
FL,1101990,1
FL,1101991,1
FL,1101991,2
FL,1101991,3
FL,1101992,1
FL,1101993,1
FL,1101994,1
FL,1101994,2
FL,1101994,3
FL,1101994,4
FL,1101994,5
FL,1101994,6
FL,1101995,1
FL,1101995,2
FL,1101996,1
FL,1101997,1
FL,1101998,1
FL,1101998,2
FL,1101999,1
FL,1102000,1
FL,1102001,1
FL,1102002,1
FL,1102003,1
FL,1102004,1
FL,1102005,1
FL,1102006,1
FL,1102006,2
FL,1102007,1
FL,1102008,1
FL,1102009,1
FL,1102010,1
FL,1102010,2
FL,1102011,1
FL,1102011,2
FL,1102012,1
FL,1102012,2
FL,1102013,1
FL,1102014,1
FL,1102015,1
FL,1102016,1
FL,1102016,2
FL,1102016,3
FL,1102016,4
FL,1102016,5
FL,1102016,6
FL,1102016,7
FL,1102017,1
FL,1102018,1
FL,1102018,2
FL,1102018,3
FL,1102018,4
FL,1102018,5
FL,1102018,6
FL,1102018,7
FL,1102019,1
FL,1102020,1
FL,1102021,1
FL,1102022,1
FL,1102023,1
FL,1102024,1
FL,1102025,1
FL,1102025,2
FL,1102026,1
FL,1102027,1
FL,1102027,2
FL,1102028,1
FL,1102028,2
FL,1102028,3
FL,1102029,1
FL,1102030,1
FL,1102031,1
FL,1102032,1
FL,1102033,1
FL,1102034,1
FL,1102035,1
FL,1102036,1
FL,1102037,1
FL,1102038,1
FL,1102039,1
FL,1102040,1
FL,1102041,1
FL,1102042,1
FL,1102043,1
FL,1102043,2
FL,1102044,1
FL,1102044,2
FL,1102044,3
FL,1102045,1
FL,1102045,2
FL,1102045,3
FL,1102046,1
FL,1102047,1
FL,1102048,1
FL,1102049,1
FL,1102049,2
FL,1102049,3
FL,1102050,1
FL,1102051,1
FL,1102052,1
FL,1102053,1
FL,1102054,1
FL,1102054,2
FL,1102054,3
FL,1102054,4
FL,1102055,1
FL,1102056,1
FL,1102057,1
FL,1102057,2
FL,1102058,1
FL,1102059,1
FL,1102060,1
FL,1102061,1
FL,1102062,1
FL,1102063,1
FL,1102064,1
FL,1102064,2
FL,1102065,1
FL,1102066,1
FL,1102067,1
FL,1102067,2
FL,1102068,1
FL,1102069,1
FL,1102069,2
FL,1102069,3
FL,1102069,4
FL,1102069,5
FL,1102069,6
FL,1102069,7
FL,1102069,8
FL,1102069,9
FL,1102069,10
FL,1102069,11
FL,1102069,12
FL,1102069,13
FL,1102070,1
FL,1102070,2
FL,1102070,3
FL,1102070,4
FL,1102070,5
FL,1102071,1
FL,1102072,1
FL,1102073,1
FL,1102074,1
FL,1102075,1
FL,1102075,2
FL,1102075,3
FL,1102075,4
FL,1102075,5
FL,1102075,6
FL,1102075,7
FL,1102075,8
FL,1102075,9
FL,1102075,10
FL,1102075,11
FL,1102075,12
FL,1102075,13
FL,1102075,14
FL,1102075,15
FL,1102075,16
FL,1102075,17
FL,1102075,18
FL,1102075,19
FL,1102075,20
FL,1102075,21
FL,1102075,22
FL,1102075,23
FL,1102075,24
FL,1102075,25
FL,1102075,26
FL,1102075,27
FL,1102075,28
FL,1102076,1
FL,1102076,2
FL,1102077,1
FL,1102078,1
FL,1102079,1
FL,1102080,1
FL,1102081,1
FL,1102081,2
FL,1102082,1
FL,1102083,1
FL,1102084,1
FL,1102084,2
FL,1102085,1
FL,1102085,2
FL,1102085,3
FL,1102085,4
FL,1102085,5
FL,1102086,1
FL,1102087,1
FL,1102088,1
FL,1102089,1
FL,1102090,1
FL,1102091,1
FL,1102092,1
FL,1102093,1
FL,1102094,1
FL,1102095,1
FL,1102095,2
FL,1102095,3
FL,1102095,4
FL,1102095,5
FL,1102095,6
FL,1102095,7
FL,1102095,8
FL,1102096,1
FL,1102097,1
FL,1102098,1
FL,1102099,1
FL,1102100,1
FL,1102101,1
FL,1102102,1
FL,1102103,1
FL,1102104,1
FL,1102105,1
FL,1102106,1
FL,1102106,2
FL,1102106,3
FL,1102107,1
FL,1102108,1
FL,1102109,1
FL,1102109,2
FL,1102109,3
FL,1102109,4
FL,1102109,5
FL,1102109,6
FL,1102110,1
FL,1102110,2
FL,1102110,3
FL,1102111,1
FL,1102112,1
FL,1102113,1
FL,1102114,1
FL,1102115,1
FL,1102116,1
FL,1102117,1
FL,1102117,2
FL,1102118,1
FL,1102119,1
FL,1102120,1
FL,1102120,2
FL,1102121,1
FL,1102122,1
FL,1102123,1
FL,1102124,1
FL,1102125,1
FL,1102126,1
FL,1102127,1
FL,1102128,1
FL,1102129,1
FL,1102129,2
FL,1102129,3
FL,1102130,1
FL,1102131,1
FL,1102132,1
FL,1102133,1
FL,1102134,1
FL,1102134,2
FL,1102134,3
FL,1102135,1
FL,1102135,2
FL,1102135,3
FL,1102136,1
FL,1102137,1
FL,1102138,1
FL,1102139,1
FL,1102140,1
FL,1102141,1
FL,1102142,1
FL,1102143,1
FL,1102144,1
FL,1102145,1
FL,1102146,1
FL,1102147,1
FL,1102148,1
FL,1102148,2
FL,1102148,3
FL,1102148,4
FL,1102149,1
FL,1102149,2
FL,1102150,1
FL,1102151,1
FL,1102152,1
FL,1102153,1
FL,1102154,1
FL,1102155,1
FL,1102156,1
FL,1102157,1
FL,1102158,1
FL,1102159,1
FL,1102160,1
FL,1102161,1
FL,1102162,1
FL,1102163,1
FL,1102164,1
FL,1102165,1
FL,1102166,1
FL,1102167,1
FL,1102167,2
FL,1102168,1
FL,1102169,1
FL,1102170,1
FL,1102171,1
FL,1102172,1
FL,1102173,1
FL,1102174,1
FL,1102175,1
FL,1102176,1
FL,1102176,2
FL,1102176,3
FL,1102176,4
FL,1102176,5
FL,1102177,1
FL,1102178,1
FL,1102178,2
FL,1102179,1
FL,1102179,2
FL,1102179,3
FL,1102179,4
FL,1102180,1
FL,1102181,1
FL,1102182,1
FL,1102182,2
FL,1102183,1
FL,1102184,1
FL,1102185,1
FL,1102186,1
FL,1102187,1
FL,1102188,1
FL,1102189,1
FL,1102190,1
FL,1102191,1
FL,1102191,2
FL,1102192,1
FL,1102193,1
FL,1102194,1
FL,1102195,1
FL,1102196,1
FL,1102197,1
FL,1102198,1
FL,1102199,1
FL,1102199,2
FL,1102200,1
FL,1102200,2
FL,1102201,1
FL,1102201,2
FL,1102202,1
FL,1102202,2
FL,1102202,3
FL,1102203,1
FL,1102204,1
FL,1102204,2
FL,1102205,1
FL,1102205,2
FL,1102206,1
FL,1102206,2
FL,1102206,3
FL,1102206,4
FL,1102206,5
FL,1102206,6
FL,1102207,1
FL,1102208,1
FL,1102208,2
FL,1102208,3
FL,1102209,1
FL,1102210,1
FL,1102210,2
FL,1102211,1
FL,1102211,2
FL,1102212,1
FL,1102213,1
FL,1102214,1
FL,1102215,1
FL,1102216,1
FL,1102217,1
FL,1102218,1
FL,1102219,1
FL,1102219,2
FL,1102219,3
FL,1102219,4
FL,1102219,5
FL,1102220,1
FL,1102221,1
FL,1102222,1
FL,1102222,2
FL,1102223,1
FL,1102223,2
FL,1102223,3
FL,1102224,1
FL,1102224,2
FL,1102224,3
FL,1102224,4
FL,1102225,1
FL,1102226,1
FL,1102227,1
FL,1102228,1
FL,1102229,1
FL,1102230,1
FL,1102231,1
FL,1102232,1
FL,1102233,1
FL,1102234,1
FL,1102235,1
FL,1102236,1
FL,1102236,2
FL,1102236,3
FL,1102237,1
FL,1102238,1
FL,1102239,1
FL,1102239,2
FL,1102240,1
FL,1102240,2
FL,1102241,1
FL,1102242,1
FL,1102242,2
FL,1102243,1
FL,1102244,1
FL,1102244,2
FL,1102244,3
FL,1102244,4
FL,1102245,1
FL,1102246,1
FL,1102247,1
FL,1102248,1
FL,1102249,1
FL,1102250,1
FL,1102251,1
FL,1102252,1
FL,1102253,1
FL,1102254,1
FL,1102254,2
FL,1102254,3
FL,1102254,4
FL,1102255,1
FL,1102256,1
FL,1102257,1
FL,1102257,2
FL,1102258,1
FL,1102259,1
FL,1102260,1
FL,1102261,1
FL,1102262,1
FL,1102262,2
FL,1102262,3
FL,1102262,4
FL,1102262,5
FL,1102262,6
FL,1102262,7
FL,1102263,1
FL,1102264,1
FL,1102265,1
FL,1102265,2
FL,1102265,3
FL,1102266,1
FL,1102267,1
FL,1102268,1
FL,1102269,1
FL,1102270,1
FL,1102270,2
FL,1102270,3
FL,1102270,4
FL,1102270,5
FL,1102270,6
FL,1102271,1
FL,1102271,2
FL,1102272,1
FL,1102272,2
FL,1102272,3
FL,1102273,1
FL,1102274,1
FL,1102274,2
FL,1102274,3
FL,1102275,1
FL,1102275,2
FL,1102276,1
FL,1102277,1
FL,1102277,2
FL,1102277,3
FL,1102278,1
FL,1102279,1
FL,1102280,1
FL,1102280,2
FL,1102281,1
FL,1102281,2
FL,1102281,3
FL,1102282,1
FL,1102282,2
FL,1102283,1
FL,1102284,1
FL,1102284,2
FL,1102284,3
FL,1102284,4
FL,1102284,5
FL,1102285,1
FL,1102286,1
FL,1102286,2
FL,1102287,1
FL,1102288,1
FL,1102289,1
FL,1102290,1
FL,1102291,1
FL,1102292,1
FL,1102293,1
FL,1102293,2
FL,1102294,1
FL,1102294,2
FL,1102294,3
FL,1102294,4
FL,1102294,5
FL,1102295,1
FL,1102295,2
FL,1102295,3
FL,1102295,4
FL,1102296,1
FL,1102297,1
FL,1102298,1
FL,1102299,1
FL,1102300,1
FL,1102301,1
FL,1102301,2
FL,1102302,1
FL,1102303,1
FL,1102304,1
FL,1102305,1
FL,1102306,1
FL,1102306,2
FL,1102306,3
FL,1102307,1
FL,1102308,1
FL,1102309,1
FL,1102310,1
FL,1102311,1
FL,1102312,1
FL,1102312,2
FL,1102313,1
FL,1102314,1
FL,1102315,1
FL,1102316,1
FL,1102317,1
FL,1102318,1
FL,1102319,1
FL,1102320,1
FL,1102321,1
FL,1102322,1
FL,1102322,2
FL,1102322,3
FL,1102322,4
FL,1102322,5
FL,1102323,1
FL,1102324,1
FL,1102325,1
FL,1102326,1
FL,1102327,1
FL,1102328,1
FL,1102329,1
FL,1102330,1
FL,1102330,2
FL,1102331,1
FL,1102332,1
FL,1102333,1
FL,1102334,1
FL,1102335,1
FL,1102336,1
FL,1102337,1
FL,1102337,2
FL,1102338,1
FL,1102338,2
FL,1102339,1
FL,1102340,1
FL,1102341,1
FL,1102341,2
FL,1102342,1
FL,1102343,1
FL,1102344,1
FL,1102344,2
FL,1102345,1
FL,1102346,1
FL,1102347,1
FL,1102347,2
FL,1102347,3
FL,1102347,4
FL,1102347,5
FL,1102347,6
FL,1102347,7
FL,1102347,8
FL,1102348,1
FL,1102349,1
FL,1102350,1
FL,1102351,1
FL,1102352,1
FL,1102353,1
FL,1102354,1
FL,1102355,1
FL,1102355,2
FL,1102356,1
FL,1102357,1
FL,1102358,1
FL,1102359,1
FL,1102360,1
FL,1102360,2
FL,1102360,3
FL,1102360,4
FL,1102361,1
FL,1102362,1
FL,1102362,2
FL,1102363,1
FL,1102364,1
FL,1102364,2
FL,1102365,1
FL,1102365,2
FL,1102365,3
FL,1102366,1
FL,1102367,1
FL,1102368,1
FL,1102368,2
FL,1102368,3
FL,1102368,4
FL,1102368,5
FL,1102368,6
FL,1102368,7
FL,1102368,8
FL,1102369,1
FL,1102369,2
FL,1102369,3
FL,1102369,4
FL,1102369,5
FL,1102369,6
FL,1102369,7
FL,1102369,8
FL,1102370,1
FL,1102371,1
FL,1102372,1
FL,1102374,1
FL,1102375,1
FL,1102376,1
FL,1102377,1
FL,1102378,1
FL,1102379,1
FL,1102380,1
FL,1102381,1
FL,1102382,1
FL,1102382,2
FL,1102383,1
FL,1102383,2
FL,1102384,1
FL,1102384,2
FL,1102384,3
FL,1102385,1
FL,1102386,1
FL,1102387,1
FL,1102388,1
FL,1102388,2
FL,1102389,1
FL,1102390,1
FL,1102391,1
FL,1102392,1
FL,1102393,1
FL,1102394,1
FL,1102395,1
FL,1102396,1
FL,1102397,1
FL,1102398,1
FL,1102398,2
FL,1102399,1
FL,1102399,2
FL,1102400,1
FL,1102401,1
FL,1102402,1
FL,1102403,1
FL,1102404,1
FL,1102405,1
FL,1102405,2
FL,1102405,3
FL,1102406,1
FL,1102406,2
FL,1102406,3
FL,1102407,1
FL,1102408,1
FL,1102408,2
FL,1102408,3
FL,1102409,1
FL,1102409,2
FL,1102409,3
FL,1102409,4
FL,1102410,1
FL,1102411,1
FL,1102412,1
FL,1102412,2
FL,1102412,3
FL,1102412,4
FL,1102413,1
FL,1102414,1
FL,1102415,1
FL,1102416,1
FL,1102417,1
FL,1102417,2
FL,1102417,3
FL,1102417,4
FL,1102417,5
FL,1102417,6
FL,1102417,7
FL,1102417,8
FL,1102417,9
FL,1102417,10
FL,1102417,11
FL,1102417,12
FL,1102417,13
FL,1102417,14
FL,1102417,15
FL,1102417,16
FL,1102417,17
FL,1102417,18
FL,1102417,19
FL,1102417,20
FL,1102417,21
FL,1102417,22
FL,1102417,23
FL,1102417,24
FL,1102417,25
FL,1102417,26
FL,1102417,27
FL,1102417,28
FL,1102418,1
FL,1102418,2
FL,1102419,1
FL,1102420,1
FL,1102421,1
FL,1102422,1
FL,1102422,2
FL,1102422,3
FL,1102423,1
FL,1102424,1
FL,1102425,1
FL,1102425,2
FL,1102425,3
FL,1102425,4
FL,1102425,5
FL,1102425,6
FL,1102425,7
FL,1102425,8
FL,1102425,9
FL,1102425,10
FL,1102425,11
FL,1102426,1
FL,1102426,2
FL,1102427,1
FL,1102428,1
FL,1102428,2
FL,1102428,3
FL,1102429,1
FL,1102430,1
FL,1102430,2
FL,1102430,3
FL,1102430,4
FL,1102430,5
FL,1102430,6
FL,1102430,7
FL,1102430,8
FL,1102430,9
FL,1102430,10
FL,1102430,11
FL,1102431,1
FL,1102432,1
FL,1102433,1
FL,1102434,1
FL,1102435,1
FL,1102435,2
FL,1102436,1
FL,1102437,1
FL,1102437,2
FL,1102437,3
FL,1102437,4
FL,1102437,5
FL,1102437,6
FL,1102437,7
FL,1102437,8
FL,1102438,1
FL,1102439,1
FL,1102440,1
FL,1102440,2
FL,1102440,3
FL,1102440,4
FL,1102441,1
FL,1102441,2
FL,1102441,3
FL,1102442,1
FL,1102443,1
FL,1102444,1
FL,1102445,1
FL,1102446,1
FL,1102447,1
FL,1102448,1
FL,1102449,1
FL,1102450,1
FL,1102451,1
FL,1102452,1
FL,1102453,1
FL,1102454,1
FL,1102455,1
FL,1102455,2
FL,1102455,3
FL,1102456,1
FL,1102457,1
FL,1102458,1
FL,1102458,2
FL,1102458,3
FL,1102458,4
FL,1102458,5
FL,1102458,6
FL,1102458,7
FL,1102458,8
FL,1102458,9
FL,1102458,10
FL,1102458,11
FL,1102458,12
FL,1102458,13
FL,1102458,14
FL,1102458,15
FL,1102458,16
FL,1102458,17
FL,1102458,18
FL,1102458,19
FL,1102458,20
FL,1102458,21
FL,1102458,22
FL,1102458,23
FL,1102458,24
FL,1102458,25
FL,1102458,26
FL,1102458,27
FL,1102458,28
FL,1102458,29
FL,1102458,30
FL,1102458,31
FL,1102458,32
FL,1102458,33
FL,1102458,34
FL,1102458,35
FL,1102458,36
FL,1102458,37
FL,1102458,38
FL,1102458,39
FL,1102458,40
FL,1102458,41
FL,1102458,42
FL,1102458,43
FL,1102458,44
FL,1102459,1
FL,1102460,1
FL,1102460,2
FL,1102461,1
FL,1102462,1
FL,1102462,2
FL,1102462,3
FL,1102463,1
FL,1102464,1
FL,1102465,1
FL,1102465,2
FL,1102465,3
FL,1102465,4
FL,1102465,5
FL,1102465,6
FL,1102465,7
FL,1102465,8
FL,1102465,9
FL,1102465,10
FL,1102465,11
FL,1102465,12
FL,1102465,13
FL,1102465,14
FL,1102465,15
FL,1102465,16
FL,1102465,17
FL,1102465,18
FL,1102465,19
FL,1102465,20
FL,1102465,21
FL,1102465,22
FL,1102466,1
FL,1102467,1
FL,1102467,2
FL,1102468,1
FL,1102468,2
FL,1102469,1
FL,1102470,1
FL,1102471,1
FL,1102472,1
FL,1102472,2
FL,1102473,1
FL,1102474,1
FL,1102475,1
FL,1102476,1
FL,1102477,1
FL,1102478,1
FL,1102479,1
FL,1102480,1
FL,1102481,1
FL,1102482,1
FL,1102483,1
FL,1102484,1
FL,1102485,1
FL,1102485,2
FL,1102486,1
FL,1102486,2
FL,1102487,1
FL,1102488,1
FL,1102489,1
FL,1102489,2
FL,1102490,1
FL,1102491,1
FL,1102492,1
FL,1102492,2
FL,1102493,1
FL,1102494,1
FL,1102494,2
FL,1102494,3
FL,1102494,4
FL,1102494,5
FL,1102495,1
FL,1102496,1
FL,1102497,1
FL,1102498,1
FL,1102499,1
FL,1102500,1
FL,1102501,1
FL,1102502,1
FL,1102503,1
FL,1102504,1
FL,1102505,1
FL,1102506,1
FL,1102507,1
FL,1102507,2
FL,1102507,3
FL,1102508,1
FL,1102508,2
FL,1102509,1
FL,1102509,2
FL,1102509,3
FL,1102510,1
FL,1102510,2
FL,1102510,3
FL,1102510,4
FL,1102510,5
FL,1102511,1
FL,1102512,1
FL,1102513,1
FL,1102514,1
FL,1102514,2
FL,1102514,3
FL,1102514,4
FL,1102515,1
FL,1102515,2
FL,1102515,3
FL,1102515,4
FL,1102515,5
FL,1102515,6
FL,1102515,7
FL,1102516,1
FL,1102517,1
FL,1102518,1
FL,1102518,2
FL,1102519,1
FL,1102520,1
FL,1102521,1
FL,1102522,1
FL,1102523,1
FL,1102524,1
FL,1102525,1
FL,1102526,1
FL,1102527,1
FL,1102528,1
FL,1102529,1
FL,1102530,1
FL,1102531,1
FL,1102531,2
FL,1102531,3
FL,1102532,1
FL,1102532,2
FL,1102533,1
FL,1102534,1
FL,1102535,1
FL,1102536,1
FL,1102537,1
FL,1102538,1
FL,1102538,2
FL,1102539,1
FL,1102540,1
FL,1102541,1
FL,1102542,1
FL,1102543,1
FL,1102543,2
FL,1102543,3
FL,1102543,4
FL,1102544,1
FL,1102544,2
FL,1102544,3
FL,1102544,4
FL,1102544,5
FL,1102544,6
FL,1102545,1
FL,1102546,1
FL,1102547,1
FL,1102548,1
FL,1102548,2
FL,1102549,1
FL,1102550,1
FL,1102550,2
FL,1102551,1
FL,1102552,1
FL,1102552,2
FL,1102552,3
FL,1102552,4
FL,1102552,5
FL,1102552,6
FL,1102552,7
FL,1102552,8
FL,1102553,1
FL,1102554,1
FL,1102554,2
FL,1102554,3
FL,1102554,4
FL,1102554,5
FL,1102555,1
FL,1102555,2
FL,1102555,3
FL,1102556,1
FL,1102556,2
FL,1102556,3
FL,1102556,4
FL,1102556,5
FL,1102556,6
FL,1102557,1
FL,1102558,1
FL,1102559,1
FL,1102560,1
FL,1102560,2
FL,1102560,3
FL,1102560,4
FL,1102561,1
FL,1102562,1
FL,1102562,2
FL,1102563,1
FL,1102564,1
FL,1102564,2
FL,1102564,3
FL,1102564,4
FL,1102564,5
FL,1102564,6
FL,1102565,1
FL,1102566,1
FL,1102567,1
FL,1102567,2
FL,1102568,1
FL,1102570,1
FL,1102571,1
FL,1102572,1
FL,1102573,1
FL,1102574,1
FL,1102574,2
FL,1102574,3
FL,1102575,1
FL,1102576,1
FL,1102577,1
FL,1102578,1
FL,1102579,1
FL,1102580,1
FL,1102581,1
FL,1102582,1
FL,1102583,1
FL,1102584,1
FL,1102585,1
FL,1102586,1
FL,1102586,2
FL,1102586,3
FL,1102587,1
FL,1102588,1
FL,1102589,1
FL,1102590,1
FL,1102590,2
FL,1102590,3
FL,1102590,4
FL,1102590,5
FL,1102590,6
FL,1102591,1
FL,1102591,2
FL,1102592,1
FL,1102592,2
FL,1102592,3
FL,1102592,4
FL,1102592,5
FL,1102592,6
FL,1102592,7
FL,1102593,1
FL,1102593,2
FL,1102594,1
FL,1102594,2
FL,1102594,3
FL,1102594,4
FL,1102594,5
FL,1102594,6
FL,1102594,7
FL,1102594,8
FL,1102594,9
FL,1102594,10
FL,1102594,11
FL,1102594,12
FL,1102594,13
FL,1102594,14
FL,1102594,15
FL,1102594,16
FL,1102594,17
FL,1102594,18
FL,1102594,19
FL,1102594,20
FL,1102594,21
FL,1102594,22
FL,1102594,23
FL,1102594,24
FL,1102594,25
FL,1102594,26
FL,1102594,27
FL,1102594,28
FL,1102594,29
FL,1102594,30
FL,1102594,31
FL,1102594,32
FL,1102595,1
FL,1102595,2
FL,1102595,3
FL,1102595,4
FL,1102595,5
FL,1102595,6
FL,1102596,1
FL,1102597,1
FL,1102598,1
FL,1102599,1
FL,1102600,1
FL,1102601,1
FL,1102601,2
FL,1102601,3
FL,1102602,1
FL,1102602,2
FL,1102602,3
FL,1102602,4
FL,1102602,5
FL,1102602,6
FL,1102602,7
FL,1102602,8
FL,1102602,9
FL,1102602,10
FL,1102602,11
FL,1102603,1
FL,1102604,1
FL,1102605,1
FL,1102606,1
FL,1102607,1
FL,1102608,1
FL,1102609,1
FL,1102609,2
FL,1102609,3
FL,1102610,1
FL,1102611,1
FL,1102612,1
FL,1102613,1
FL,1102614,1
FL,1102615,1
FL,1102616,1
FL,1102616,2
FL,1102616,3
FL,1102617,1
FL,1102617,2
FL,1102618,1
FL,1102619,1
FL,1102619,2
FL,1102620,1
FL,1102621,1
FL,1102622,1
FL,1102623,1
FL,1102624,1
FL,1102625,1
FL,1102626,1
FL,1102627,1
FL,1102628,1
FL,1102629,1
FL,1102630,1
FL,1102631,1
FL,1102632,1
FL,1102632,2
FL,1102633,1
FL,1102634,1
FL,1102635,1
FL,1102636,1
FL,1102637,1
FL,1102638,1
FL,1102638,2
FL,1102638,3
FL,1102638,4
FL,1102638,5
FL,1102638,6
FL,1102638,7
FL,1102639,1
FL,1102640,1
FL,1102641,1
FL,1102642,1
FL,1102643,1
FL,1102643,2
FL,1102644,1
FL,1102645,1
FL,1102646,1
FL,1102647,1
FL,1102648,1
FL,1102649,1
FL,1102650,1
FL,1102650,2
FL,1102651,1
FL,1102652,1
FL,1102652,2
FL,1102653,1
FL,1102653,2
FL,1102653,3
FL,1102653,4
FL,1102653,5
FL,1102653,6
FL,1102653,7
FL,1102654,1
FL,1102655,1
FL,1102656,1
FL,1102657,1
FL,1102657,2
FL,1102657,3
FL,1102658,1
FL,1102659,1
FL,1102659,2
FL,1102660,1
FL,1102661,1
FL,1102662,1
FL,1102663,1
FL,1102663,2
FL,1102663,3
FL,1102664,1
FL,1102664,2
FL,1102664,3
FL,1102665,1
FL,1102666,1
FL,1102667,1
FL,1102667,2
FL,1102667,3
FL,1102667,4
FL,1102667,5
FL,1102668,1
FL,1102669,1
FL,1102670,1
FL,1102671,1
FL,1102672,1
FL,1102673,1
FL,1102674,1
FL,1102675,1
FL,1102676,1
FL,1102677,1
FL,1102677,2
FL,1102677,3
FL,1102677,4
FL,1102677,5
FL,1102677,6
FL,1102677,7
FL,1102677,8
FL,1102677,9
FL,1102677,10
FL,1102677,11
FL,1102678,1
FL,1102678,2
FL,1102678,3
FL,1102678,4
FL,1102678,5
FL,1102678,6
FL,1102678,7
FL,1102678,8
FL,1102678,9
FL,1102678,10
FL,1102678,11
FL,1102678,12
FL,1102678,13
FL,1102678,14
FL,1102678,15
FL,1102678,16
FL,1102678,17
FL,1102678,18
FL,1102678,19
FL,1102678,20
FL,1102678,21
FL,1102678,22
FL,1102678,23
FL,1102678,24
FL,1102678,25
FL,1102678,26
FL,1102678,27
FL,1102678,28
FL,1102678,29
FL,1102678,30
FL,1102679,1
FL,1102680,1
FL,1102681,1
FL,1102681,2
FL,1102682,1
FL,1102682,2
FL,1102683,1
FL,1102684,1
FL,1102685,1
FL,1102686,1
FL,1102687,1
FL,1102687,2
FL,1102688,1
FL,1102689,1
FL,1102689,2
FL,1102690,1
FL,1102691,1
FL,1102691,2
FL,1102691,3
FL,1102691,4
FL,1102691,5
FL,1102691,6
FL,1102691,7
FL,1102691,8
FL,1102691,9
FL,1102691,10
FL,1102691,11
FL,1102691,12
FL,1102692,1
FL,1102692,2
FL,1102693,1
FL,1102693,2
FL,1102694,1
FL,1102695,1
FL,1102696,1
FL,1102697,1
FL,1102697,2
FL,1102697,3
FL,1102697,4
FL,1102697,5
FL,1102697,6
FL,1102698,1
FL,1102699,1
FL,1102700,1
FL,1102701,1
FL,1102702,1
FL,1102703,1
FL,1102703,2
FL,1102703,3
FL,1102703,4
FL,1102703,5
FL,1102703,6
FL,1102703,7
FL,1102703,8
FL,1102703,9
FL,1102704,1
FL,1102705,1
FL,1102706,1
FL,1102707,1
FL,1102707,2
FL,1102707,3
FL,1102708,1
FL,1102709,1
FL,1102710,1
FL,1102711,1
FL,1102711,2
FL,1102711,3
FL,1102712,1
FL,1102712,2
FL,1102712,3
FL,1102713,1
FL,1102713,2
FL,1102713,3
FL,1102713,4
FL,1102713,5
FL,1102713,6
FL,1102714,1
FL,1102714,2
FL,1102714,3
FL,1102714,4
FL,1102714,5
FL,1102714,6
FL,1102714,7
FL,1102714,8
FL,1102715,1
FL,1102716,1
FL,1102716,2
FL,1102717,1
FL,1102718,1
FL,1102719,1
FL,1102719,2
FL,1102719,3
FL,1102719,4
FL,1102719,5
FL,1102719,6
FL,1102719,7
FL,1102720,1
FL,1102720,2
FL,1102720,3
FL,1102720,4
FL,1102720,5
FL,1102720,6
FL,1102720,7
FL,1102720,8
FL,1102720,9
FL,1102720,10
FL,1102720,11
FL,1102720,12
FL,1102720,13
FL,1102720,14
FL,1102720,15
FL,1102720,16
FL,1102720,17
FL,1102720,18
FL,1102720,19
FL,1102720,20
FL,1102720,21
FL,1102720,22
FL,1102720,23
FL,1102720,24
FL,1102721,1
FL,1102722,1
FL,1102723,1
FL,1102724,1
FL,1102725,1
FL,1102726,1
FL,1102727,1
FL,1102727,2
FL,1102727,3
FL,1102728,1
FL,1102729,1
FL,1102730,1
FL,1102731,1
FL,1102732,1
FL,1102733,1
FL,1102734,1
FL,1102734,2
FL,1102734,3
FL,1102734,4
FL,1102734,5
FL,1102734,6
FL,1102734,7
FL,1102734,8
FL,1102734,9
FL,1102734,10
FL,1102734,11
FL,1102734,12
FL,1102734,13
FL,1102735,1
FL,1102736,1
FL,1102737,1
FL,1102738,1
FL,1102739,1
FL,1102740,1
FL,1102741,1
FL,1102742,1
FL,1102742,2
FL,1102743,1
FL,1102743,2
FL,1102743,3
FL,1102744,1
FL,1102745,1
FL,1102746,1
FL,1102747,1
FL,1102747,2
FL,1102747,3
FL,1102748,1
FL,1102749,1
FL,1102750,1
FL,1102751,1
FL,1102751,2
FL,1102751,3
FL,1102751,4
FL,1102751,5
FL,1102752,1
FL,1102752,2
FL,1102753,1
FL,1102753,2
FL,1102754,1
FL,1102754,2
FL,1102755,1
FL,1102756,1
FL,1102756,2
FL,1102757,1
FL,1102757,2
FL,1102758,1
FL,1102759,1
FL,1102760,1
FL,1102761,1
FL,1102762,1
FL,1102763,1
FL,1102764,1
FL,1102765,1
FL,1102766,1
FL,1102767,1
FL,1102768,1
FL,1102769,1
FL,1102770,1
FL,1102771,1
FL,1102771,2
FL,1102771,3
FL,1102772,1
FL,1102773,1
FL,1102774,1
FL,1102775,1
FL,1102776,1
FL,1102777,1
FL,1102778,1
FL,1102779,1
FL,1102779,2
FL,1102779,3
FL,1102779,4
FL,1102779,5
FL,1102779,6
FL,1102779,7
FL,1102779,8
FL,1102780,1
FL,1102780,2
FL,1102780,3
FL,1102780,4
FL,1102781,1
FL,1102782,1
FL,1102782,2
FL,1102782,3
FL,1102782,4
FL,1102782,5
FL,1102782,6
FL,1102782,7
FL,1102782,8
FL,1102783,1
FL,1102783,2
FL,1102783,3
FL,1102783,4
FL,1102783,5
FL,1102783,6
FL,1102783,7
FL,1102783,8
FL,1102783,9
FL,1102783,10
FL,1102783,11
FL,1102783,12
FL,1102783,13
FL,1102783,14
FL,1102784,1
FL,1102785,1
FL,1102785,2
FL,1102785,3
FL,1102785,4
FL,1102785,5
FL,1102786,1
FL,1102787,1
FL,1102788,1
FL,1102788,2
FL,1102789,1
FL,1102789,2
FL,1102789,3
FL,1102790,1
FL,1102790,2
FL,1102790,3
FL,1102791,1
FL,1102792,1
FL,1102793,1
FL,1102794,1
FL,1102795,1
FL,1102796,1
FL,1102797,1
FL,1102798,1
FL,1102798,2
FL,1102799,1
FL,1102800,1
FL,1102801,1
FL,1102802,1
FL,1102803,1
FL,1102803,2
FL,1102803,3
FL,1102803,4
FL,1102804,1
FL,1102805,1
FL,1102806,1
FL,1102807,1
FL,1102808,1
FL,1102809,1
FL,1102810,1
FL,1102811,1
FL,1102812,1
FL,1102812,2
FL,1102812,3
FL,1102813,1
FL,1102814,1
FL,1102815,1
FL,1102816,1
FL,1102817,1
FL,1102818,1
FL,1102818,2
FL,1102819,1
FL,1102819,2
FL,1102820,1
FL,1102821,1
FL,1102822,1
FL,1102823,1
FL,1102824,1
FL,1102825,1
FL,1102826,1
FL,1102827,1
FL,1102828,1
FL,1102829,1
FL,1102830,1
FL,1102830,2
FL,1102831,1
FL,1102832,1
FL,1102832,2
FL,1102833,1
FL,1102833,2
FL,1102833,3
FL,1102833,4
FL,1102833,5
FL,1102833,6
FL,1102833,7
FL,1102833,8
FL,1102833,9
FL,1102833,10
FL,1102833,11
FL,1102833,12
FL,1102833,13
FL,1102833,14
FL,1102833,15
FL,1102833,16
FL,1102833,17
FL,1102833,18
FL,1102833,19
FL,1102833,20
FL,1102833,21
FL,1102833,22
FL,1102834,1
FL,1102834,2
FL,1102835,1
FL,1102835,2
FL,1102835,3
FL,1102835,4
FL,1102836,1
FL,1102836,2
FL,1102836,3
FL,1102837,1
FL,1102838,1
FL,1102839,1
FL,1102839,2
FL,1102840,1
FL,1102841,1
FL,1102842,1
FL,1102843,1
FL,1102844,1
FL,1102845,1
FL,1102846,1
FL,1102846,2
FL,1102847,1
FL,1102848,1
FL,1102849,1
FL,1102850,1
FL,1102851,1
FL,1102851,2
FL,1102852,1
FL,1102853,1
FL,1102853,2
FL,1102854,1
FL,1102855,1
FL,1102855,2
FL,1102856,1
FL,1102857,1
FL,1102857,2
FL,1102857,3
FL,1102858,1
FL,1102859,1
FL,1102859,2
FL,1102859,3
FL,1102859,4
FL,1102859,5
FL,1102859,6
FL,1102859,7
FL,1102859,8
FL,1102860,1
FL,1102860,2
FL,1102861,1
FL,1102862,1
FL,1102863,1
FL,1102864,1
FL,1102865,1
FL,1102865,2
FL,1102866,1
FL,1102867,1
FL,1102868,1
FL,1102869,1
FL,1102870,1
FL,1102870,2
FL,1102870,3
FL,1102871,1
FL,1102872,1
FL,1102872,2
FL,1102873,1
FL,1102874,1
FL,1102875,1
FL,1102876,1
FL,1102877,1
FL,1102877,2
FL,1102878,1
FL,1102879,1
FL,1102879,2
FL,1102880,1
FL,1102881,1
FL,1102882,1
FL,1102883,1
FL,1102884,1
FL,1102884,2
FL,1102885,1
FL,1102885,2
FL,1102885,3
FL,1102885,4
FL,1102885,5
FL,1102885,6
FL,1102885,7
FL,1102886,1
FL,1102887,1
FL,1102888,1
FL,1102889,1
FL,1102890,1
FL,1102891,1
FL,1102892,1
FL,1102892,2
FL,1102893,1
FL,1102894,1
FL,1102895,1
FL,1102896,1
FL,1102896,2
FL,1102896,3
FL,1102897,1
FL,1102899,1
FL,1102899,2
FL,1102899,3
FL,1102901,1
FL,1102902,1
FL,1102903,1
FL,1102904,1
FL,1102905,1
FL,1102906,1
FL,1102907,1
FL,1102907,2
FL,1102907,3
FL,1102907,4
FL,1102907,5
FL,1102907,6
FL,1102908,1
FL,1102909,1
FL,1102910,1
FL,1102911,1
FL,1102912,1
FL,1102913,1
FL,1102914,1
FL,1102915,1
FL,1102916,1
FL,1102917,1
FL,1102918,1
FL,1102919,1
FL,1102920,1
FL,1102921,1
FL,1102922,1
FL,1102923,1
FL,1102924,1
FL,1102925,1
FL,1102925,2
FL,1102925,3
FL,1102926,1
FL,1102926,2
FL,1102927,1
FL,1102928,1
FL,1102928,2
FL,1102928,3
FL,1102928,4
FL,1102928,5
FL,1102928,6
FL,1102928,7
FL,1102928,8
FL,1102928,9
FL,1102928,10
FL,1102928,11
FL,1102928,12
FL,1102928,13
FL,1102929,1
FL,1102930,1
FL,1102931,1
FL,1102931,2
FL,1102931,3
FL,1102931,4
FL,1102931,5
FL,1102931,6
FL,1102932,1
FL,1102933,1
FL,1102934,1
FL,1102935,1
FL,1102936,1
FL,1102937,1
FL,1102938,1
FL,1102939,1
FL,1102940,1
FL,1102942,1
FL,1102943,1
FL,1102943,2
FL,1102944,1
FL,1102945,1
FL,1102945,2
FL,1102945,3
FL,1102945,4
FL,1102945,5
FL,1102946,1
FL,1102947,1
FL,1102948,1
FL,1102949,1
FL,1102950,1
FL,1102951,1
FL,1102952,1
FL,1102952,2
FL,1102952,3
FL,1102952,4
FL,1102953,1
FL,1102954,1
FL,1102955,1
FL,1102955,2
FL,1102955,3
FL,1102955,4
FL,1102955,5
FL,1102955,6
FL,1102955,7
FL,1102955,8
FL,1102955,9
FL,1102956,1
FL,1102957,1
FL,1102958,1
FL,1102959,1
FL,1102959,2
FL,1102960,1
FL,1102961,1
FL,1102961,2
FL,1102961,3
FL,1102961,4
FL,1102961,5
FL,1102961,6
FL,1102961,7
FL,1102961,8
FL,1102961,9
FL,1102961,10
FL,1102962,1
FL,1102962,2
FL,1102963,1
FL,1102963,2
FL,1102964,1
FL,1102964,2
FL,1102965,1
FL,1102965,2
FL,1102966,1
FL,1102967,1
FL,1102968,1
FL,1102969,1
FL,1102969,2
FL,1102970,1
FL,1102970,2
FL,1102971,1
FL,1102972,1
FL,1102973,1
FL,1102974,1
FL,1102974,2
FL,1102975,1
FL,1102976,1
FL,1102977,1
FL,1102978,1
FL,1102979,1
FL,1102980,1
FL,1102981,1
FL,1102981,2
FL,1102982,1
FL,1102982,2
FL,1102982,3
FL,1102982,4
FL,1102982,5
FL,1102982,6
FL,1102982,7
FL,1102982,8
FL,1102983,1
FL,1102983,2
FL,1102984,1
FL,1102985,1
FL,1102985,2
FL,1102985,3
FL,1102986,1
FL,1102987,1
FL,1102988,1
FL,1102988,2
FL,1102988,3
FL,1102988,4
FL,1102988,5
FL,1102989,1
FL,1102990,1
FL,1102990,2
FL,1102991,1
FL,1102992,1
FL,1102992,2
FL,1102993,1
FL,1102994,1
FL,1102995,1
FL,1102996,1
FL,1102997,1
FL,1102997,2
FL,1102997,3
FL,1102997,4
FL,1102997,5
FL,1102997,6
FL,1102998,1
FL,1102998,2
FL,1102999,1
FL,1103000,1
FL,1103001,1
FL,1103002,1
FL,1103003,1
FL,1103003,2
FL,1103003,3
FL,1103004,1
FL,1103005,1
FL,1103005,2
FL,1103005,3
FL,1103006,1
FL,1103006,2
FL,1103007,1
FL,1103008,1
FL,1103009,1
FL,1103010,1
FL,1103011,1
FL,1103012,1
FL,1103013,1
FL,1103014,1
FL,1103015,1
FL,1103016,1
FL,1103017,1
FL,1103018,1
FL,1103019,1
FL,1103020,1
FL,1103020,2
FL,1103020,3
FL,1103021,1
FL,1103022,1
FL,1103023,1
FL,1103024,1
FL,1103025,1
FL,1103025,2
FL,1103025,3
FL,1103025,4
FL,1103025,5
FL,1103025,6
FL,1103025,7
FL,1103025,8
FL,1103025,9
FL,1103025,10
FL,1103025,11
FL,1103025,12
FL,1103025,13
FL,1103025,14
FL,1103025,15
FL,1103025,16
FL,1103025,17
FL,1103025,18
FL,1103025,19
FL,1103025,20
FL,1103025,21
FL,1103025,22
FL,1103025,23
FL,1103025,24
FL,1103025,25
FL,1103025,26
FL,1103025,27
FL,1103025,28
FL,1103025,29
FL,1103025,30
FL,1103025,31
FL,1103025,32
FL,1103025,33
FL,1103025,34
FL,1103025,35
FL,1103025,36
FL,1103025,37
FL,1103025,38
FL,1103025,39
FL,1103025,40
FL,1103026,1
FL,1103026,2
FL,1103027,1
FL,1103028,1
FL,1103028,2
FL,1103029,1
FL,1103030,1
FL,1103031,1
FL,1103032,1
FL,1103032,2
FL,1103032,3
FL,1103032,4
FL,1103032,5
FL,1103032,6
FL,1103032,7
FL,1103033,1
FL,1103034,1
FL,1103035,1
FL,1103036,1
FL,1103037,1
FL,1103038,1
FL,1103038,2
FL,1103039,1
FL,1103039,2
FL,1103040,1
FL,1103041,1
FL,1103041,2
FL,1103042,1
FL,1103043,1
FL,1103044,1
FL,1103045,1
FL,1103045,2
FL,1103046,1
FL,1103047,1
FL,1103048,1
FL,1103049,1
FL,1103050,1
FL,1103050,2
FL,1103051,1
FL,1103052,1
FL,1103053,1
FL,1103054,1
FL,1103055,1
FL,1103056,1
FL,1103057,1
FL,1103058,1
FL,1103059,1
FL,1103061,1
FL,1103063,1
FL,1103064,1
FL,1103065,1
FL,1103066,1
FL,1103066,2
FL,1103066,3
FL,1103068,1
FL,1103069,1
FL,1103070,1
FL,1103071,1
FL,1103072,1
FL,1103073,1
FL,1103074,1
FL,1103074,2
FL,1103075,1
FL,1103075,2
FL,1103076,1
FL,1103077,1
FL,1103078,1
FL,1103079,1
FL,1103080,1
FL,1103080,2
FL,1103080,3
FL,1103080,4
FL,1103080,5
FL,1103080,6
FL,1103081,1
FL,1103081,2
FL,1103082,1
FL,1103083,1
FL,1103084,1
FL,1103085,1
FL,1103086,1
FL,1103087,1
FL,1103088,1
FL,1103088,2
FL,1103088,3
FL,1103088,4
FL,1103088,5
FL,1103088,6
FL,1103089,1
FL,1103090,1
FL,1103091,1
FL,1103092,1
FL,1103093,1
FL,1103094,1
FL,1103095,1
FL,1103095,2
FL,1103095,3
FL,1103096,1
FL,1103097,1
FL,1103098,1
FL,1103098,2
FL,1103098,3
FL,1103099,1
FL,1103100,1
FL,1103100,2
FL,1103100,3
FL,1103100,4
FL,1103101,1
FL,1103101,2
FL,1103101,3
FL,1103101,4
FL,1103101,5
FL,1103101,6
FL,1103101,7
FL,1103102,1
FL,1103102,2
FL,1103103,1
FL,1103103,2
FL,1103103,3
FL,1103103,4
FL,1103103,5
FL,1103103,6
FL,1103103,7
FL,1103103,8
FL,1103103,9
FL,1103103,10
FL,1103103,11
FL,1103103,12
FL,1103103,13
FL,1103103,14
FL,1103103,15
FL,1103103,16
FL,1103103,17
FL,1103103,18
FL,1103103,19
FL,1103103,20
FL,1103103,21
FL,1103103,22
FL,1103103,23
FL,1103103,24
FL,1103103,25
FL,1103103,26
FL,1103103,27
FL,1103103,28
FL,1103103,29
FL,1103103,30
FL,1103103,31
FL,1103103,32
FL,1103103,33
FL,1103103,34
FL,1103103,35
FL,1103103,36
FL,1103103,37
FL,1103103,38
FL,1103103,39
FL,1103103,40
FL,1103103,41
FL,1103103,42
FL,1103103,43
FL,1103103,44
FL,1103103,45
FL,1103103,46
FL,1103103,47
FL,1103103,48
FL,1103103,49
FL,1103103,50
FL,1103103,51
FL,1103103,52
FL,1103103,53
FL,1103103,54
FL,1103103,55
FL,1103103,56
FL,1103103,57
FL,1103103,58
FL,1103103,59
FL,1103103,60
FL,1103103,61
FL,1103103,62
FL,1103103,63
FL,1103103,64
FL,1103104,1
FL,1103105,1
FL,1103106,1
FL,1103106,2
FL,1103106,3
FL,1103107,1
FL,1103107,2
FL,1103107,3
FL,1103107,4
FL,1103107,5
FL,1103107,6
FL,1103107,7
FL,1103107,8
FL,1103107,9
FL,1103107,10
FL,1103107,11
FL,1103107,12
FL,1103107,13
FL,1103107,14
FL,1103107,15
FL,1103107,16
FL,1103107,17
FL,1103107,18
FL,1103107,19
FL,1103107,20
FL,1103107,21
FL,1103107,22
FL,1103107,23
FL,1103107,24
FL,1103107,25
FL,1103107,26
FL,1103107,27
FL,1103107,28
FL,1103107,29
FL,1103107,30
FL,1103107,31
FL,1103107,32
FL,1103107,33
FL,1103107,34
FL,1103107,35
FL,1103107,36
FL,1103108,1
FL,1103109,1
FL,1103110,1
FL,1103111,1
FL,1103112,1
FL,1103112,2
FL,1103112,3
FL,1103113,1
FL,1103114,1
FL,1103115,1
FL,1103115,2
FL,1103116,1
FL,1103117,1
FL,1103117,2
FL,1103117,3
FL,1103117,4
FL,1103117,5
FL,1103117,6
FL,1103117,7
FL,1103118,1
FL,1103118,2
FL,1103118,3
FL,1103118,4
FL,1103118,5
FL,1103119,1
FL,1103120,1
FL,1103120,2
FL,1103120,3
FL,1103124,1
FL,1103128,1
FL,1103128,2
FL,1103128,3
FL,1103129,1
FL,1103129,2
FL,1103129,3
FL,1103129,4
FL,1103129,5
FL,1103130,1
FL,1103130,2
FL,1103130,3
FL,1103130,4
FL,1103131,1
FL,1103131,2
FL,1103132,1
FL,1103132,2
FL,1103132,3
FL,1103132,4
FL,1103132,5
FL,1103132,6
FL,1103132,7
FL,1103133,1
FL,1103134,1
FL,1103134,2
FL,1103134,3
FL,1103135,1
FL,1103136,1
FL,1103136,2
FL,1103137,1
FL,1103137,2
FL,1103137,3
FL,1103138,1
FL,1103139,1
FL,1103140,1
FL,1103141,1
FL,1103142,1
FL,1103143,1
FL,1103143,2
FL,1103143,3
FL,1103143,4
FL,1103143,5
FL,1103143,6
FL,1103144,1
FL,1103144,2
FL,1103145,1
FL,1103145,2
FL,1103145,3
FL,1103145,4
FL,1103145,5
FL,1103145,6
FL,1103146,1
FL,1103146,2
FL,1103147,1
FL,1103147,2
FL,1103147,3
FL,1103148,1
FL,1103149,1
FL,1103150,1
FL,1103151,1
FL,1103151,2
FL,1103151,3
FL,1103151,4
FL,1103151,5
FL,1103151,6
FL,1103151,7
FL,1103151,8
FL,1103151,9
FL,1103151,10
FL,1103151,11
FL,1103151,12
FL,1103151,13
FL,1103152,1
FL,1103152,2
FL,1103152,3
FL,1103152,4
FL,1103152,5
FL,1103152,6
FL,1103152,7
FL,1103153,1
FL,1103154,1
FL,1103155,1
FL,1103156,1
FL,1103157,1
FL,1103157,2
FL,1103157,3
FL,1103158,1
FL,1103159,1
FL,1103159,2
FL,1103160,1
FL,1103160,2
FL,1103160,3
FL,1103160,4
FL,1103160,5
FL,1103160,6
FL,1103161,1
FL,1103162,1
FL,1103162,2
FL,1103162,3
FL,1103163,1
FL,1103164,1
FL,1103165,1
FL,1103166,1
FL,1103166,2
FL,1103166,3
FL,1103166,4
FL,1103166,5
FL,1103166,6
FL,1103167,1
FL,1103168,1
FL,1103168,2
FL,1103168,3
FL,1103169,1
FL,1103169,2
FL,1103170,1
FL,1103171,1
FL,1103171,2
FL,1103172,1
FL,1103172,2
FL,1103172,3
FL,1103172,4
FL,1103172,5
FL,1103172,6
FL,1103172,7
FL,1103173,1
FL,1103174,1
FL,1103174,2
FL,1103174,3
FL,1103174,4
FL,1103176,1
FL,1103178,1
FL,1103178,2
FL,1103178,3
FL,1103178,4
FL,1103179,1
FL,1103179,2
FL,1103179,3
FL,1103180,1
FL,1103180,2
FL,1103181,1
FL,1103181,2
FL,1103181,3
FL,1103181,4
FL,1103182,1
FL,1103183,1
FL,1103184,1
FL,1103185,1
FL,1103186,1
FL,1103187,1
FL,1103187,2
FL,1103188,1
FL,1103188,2
FL,1103189,1
FL,1103190,1
FL,1103191,1
FL,1103191,2
FL,1103192,1
FL,1103193,1
FL,1103193,2
FL,1103194,1
FL,1103195,1
FL,1103195,2
FL,1103195,3
FL,1103195,4
FL,1103195,5
FL,1103196,1
FL,1103198,1
FL,1103198,2
FL,1103198,3
FL,1103198,4
FL,1103198,5
FL,1103199,1
FL,1103200,1
FL,1103200,2
FL,1103200,3
FL,1103201,1
FL,1103202,1
FL,1103204,1
FL,1103204,2
FL,1103205,1
FL,1103206,1
FL,1103206,2
FL,1103207,1
FL,1103208,1
FL,1103209,1
FL,1103210,1
FL,1103210,2
FL,1103210,3
FL,1103211,1
FL,1103212,1
FL,1103213,1
FL,1103214,1
FL,1103215,1
FL,1103215,2
FL,1103215,3
FL,1103215,4
FL,1103215,5
FL,1103215,6
FL,1103215,7
FL,1103215,8
FL,1103215,9
FL,1103215,10
FL,1103215,11
FL,1103215,12
FL,1103216,1
FL,1103217,1
FL,1103218,1
FL,1103218,2
FL,1103218,3
FL,1103218,4
FL,1103219,1
FL,1103220,1
FL,1103220,2
FL,1103220,3
FL,1103220,4
FL,1103220,5
FL,1103220,6
FL,1103220,7
FL,1103220,8
FL,1103220,9
FL,1103220,10
FL,1103221,1
FL,1103221,2
FL,1103222,1
FL,1103223,1
FL,1103223,2
FL,1103224,1
FL,1103224,2
FL,1103225,1
FL,1103225,2
FL,1103225,3
FL,1103226,1
FL,1103226,2
FL,1103227,1
FL,1103227,2
FL,1103228,1
FL,1103228,2
FL,1103228,3
FL,1103228,4
FL,1103228,5
FL,1103228,6
FL,1103228,7
FL,1103228,8
FL,1103228,9
FL,1103228,10
FL,1103228,11
FL,1103228,12
FL,1103228,13
FL,1103228,14
FL,1103228,15
FL,1103228,16
FL,1103228,17
FL,1103228,18
FL,1103228,19
FL,1103228,20
FL,1103229,1
FL,1103230,1
FL,1103231,1
FL,1103232,1
FL,1103233,1
FL,1103234,1
FL,1103235,1
FL,1103236,1
FL,1103237,1
FL,1103238,1
FL,1103239,1
FL,1103239,2
FL,1103239,3
FL,1103240,1
FL,1103241,1
FL,1103241,2
FL,1103242,1
FL,1103243,1
FL,1103243,2
FL,1103244,1
FL,1103245,1
FL,1103246,1
FL,1103246,2
FL,1103246,3
FL,1103246,4
FL,1103246,5
FL,1103247,1
FL,1103248,1
FL,1103249,1
FL,1103250,1
FL,1103251,1
FL,1103252,1
FL,1103252,2
FL,1103252,3
FL,1103253,1
FL,1103254,1
FL,1103254,2
FL,1103255,1
FL,1103255,2
FL,1103255,3
FL,1103255,4
FL,1103255,5
FL,1103256,1
FL,1103257,1
FL,1103258,1
FL,1103259,1
FL,1103260,1
FL,1103261,1
FL,1103262,1
FL,1103262,2
FL,1103263,1
FL,1103263,2
FL,1103263,3
FL,1103263,4
FL,1103263,5
FL,1103264,1
FL,1103265,1
FL,1103265,2
FL,1103266,1
FL,1103267,1
FL,1103267,2
FL,1103267,3
FL,1103267,4
FL,1103268,1
FL,1103268,2
FL,1103269,1
FL,1103269,2
FL,1103269,3
FL,1103269,4
FL,1103269,5
FL,1103270,1
FL,1103270,2
FL,1103271,1
FL,1103271,2
FL,1103271,3
FL,1103271,4
FL,1103272,1
FL,1103272,2
FL,1103273,1
FL,1103274,1
FL,1103275,1
FL,1103276,1
FL,1103276,2
FL,1103276,3
FL,1103276,4
FL,1103276,5
FL,1103276,6
FL,1103276,7
FL,1103277,1
FL,1103277,2
FL,1103277,3
FL,1103277,4
FL,1103277,5
FL,1103278,1
FL,1103279,1
FL,1103280,1
FL,1103280,2
FL,1103280,3
FL,1103280,4
FL,1103280,5
FL,1103280,6
FL,1103280,7
FL,1103280,8
FL,1103280,9
FL,1103280,10
FL,1103280,11
FL,1103281,1
FL,1103282,1
FL,1103283,1
FL,1103283,2
FL,1103284,1
FL,1103285,1
FL,1103286,1
FL,1103287,1
FL,1103288,1
FL,1103288,2
FL,1103288,3
FL,1103289,1
FL,1103289,2
FL,1103289,3
FL,1103289,4
FL,1103290,1
FL,1103290,2
FL,1103291,1
FL,1103292,1
FL,1103292,2
FL,1103292,3
FL,1103293,1
FL,1103294,1
FL,1103295,1
FL,1103295,2
FL,1103296,1
FL,1103297,1
FL,1103298,1
FL,1103299,1
FL,1103300,1
FL,1103301,1
FL,1103301,2
FL,1103302,1
FL,1103303,1
FL,1103304,1
FL,1103305,1
FL,1103306,1
FL,1103307,1
FL,1103308,1
FL,1103308,2
FL,1103309,1
FL,1103309,2
FL,1103309,3
FL,1103309,4
FL,1103309,5
FL,1103310,1
FL,1103311,1
FL,1103312,1
FL,1103313,1
FL,1103314,1
FL,1103315,1
FL,1103315,2
FL,1103315,3
FL,1103315,4
FL,1103315,5
FL,1103315,6
FL,1103316,1
FL,1103316,2
FL,1103317,1
FL,1103317,2
FL,1103317,3
FL,1103317,4
FL,1103318,1
FL,1103318,2
FL,1103318,3
FL,1103318,4
FL,1103319,1
FL,1103320,1
FL,1103321,1
FL,1103322,1
FL,1103323,1
FL,1103324,1
FL,1103325,1
FL,1103325,2
FL,1103326,1
FL,1103327,1
FL,1103328,1
FL,1103329,1
FL,1103329,2
FL,1103330,1
FL,1103331,1
FL,1103332,1
FL,1103332,2
FL,1103333,1
FL,1103334,1
FL,1103335,1
FL,1103336,1
FL,1103337,1
FL,1103338,1
FL,1103339,1
FL,1103339,2
FL,1103339,3
FL,1103339,4
FL,1103339,5
FL,1103339,6
FL,1103339,7
FL,1103339,8
FL,1103339,9
FL,1103339,10
FL,1103339,11
FL,1103339,12
FL,1103339,13
FL,1103339,14
FL,1103339,15
FL,1103339,16
FL,1103339,17
FL,1103339,18
FL,1103339,19
FL,1103339,20
FL,1103339,21
FL,1103340,1
FL,1103341,1
FL,1103341,2
FL,1103341,3
FL,1103341,4
FL,1103341,5
FL,1103341,6
FL,1103341,7
FL,1103341,8
FL,1103341,9
FL,1103341,10
FL,1103342,1
FL,1103343,1
FL,1103343,2
FL,1103344,1
FL,1103345,1
FL,1103345,2
FL,1103346,1
FL,1103347,1
FL,1103347,2
FL,1103347,3
FL,1103347,4
FL,1103348,1
FL,1103349,1
FL,1103350,1
FL,1103351,1
FL,1103352,1
FL,1103353,1
FL,1103353,2
FL,1103354,1
FL,1103355,1
FL,1103355,2
FL,1103355,3
FL,1103355,4
FL,1103355,5
FL,1103355,6
FL,1103355,7
FL,1103356,1
FL,1103357,1
FL,1103357,2
FL,1103357,3
FL,1103357,4
FL,1103358,1
FL,1103359,1
FL,1103360,1
FL,1103361,1
FL,1103361,2
FL,1103361,3
FL,1103361,4
FL,1103361,5
FL,1103361,6
FL,1103361,7
FL,1103362,1
FL,1103363,1
FL,1103364,1
FL,1103365,1
FL,1103366,1
FL,1103366,2
FL,1103366,3
FL,1103366,4
FL,1103366,5
FL,1103366,6
FL,1103366,7
FL,1103366,8
FL,1103366,9
FL,1103366,10
FL,1103366,11
FL,1103366,12
FL,1103366,13
FL,1103367,1
FL,1103367,2
FL,1103368,1
FL,1103368,2
FL,1103368,3
FL,1103368,4
FL,1103368,5
FL,1103368,6
FL,1103369,1
FL,1103369,2
FL,1103369,3
FL,1103369,4
FL,1103369,5
FL,1103369,6
FL,1103370,1
FL,1103370,2
FL,1103370,3
FL,1103370,4
FL,1103370,5
FL,1103371,1
FL,1103372,1
FL,1103372,2
FL,1103372,3
FL,1103373,1
FL,1103373,2
FL,1103374,1
FL,1103375,1
FL,1103375,2
FL,1103376,1
FL,1103377,1
FL,1103378,1
FL,1103379,1
FL,1103380,1
FL,1103380,2
FL,1103381,1
FL,1103382,1
FL,1103382,2
FL,1103382,3
FL,1103383,1
FL,1103384,1
FL,1103384,2
FL,1103385,1
FL,1103385,2
FL,1103385,3
FL,1103386,1
FL,1103386,2
FL,1103386,3
FL,1103386,4
FL,1103386,5
FL,1103386,6
FL,1103387,1
FL,1103388,1
FL,1103389,1
FL,1103389,2
FL,1103389,3
FL,1103390,1
FL,1103391,1
FL,1103392,1
FL,1103393,1
FL,1103394,1
FL,1103394,2
FL,1103394,3
FL,1103394,4
FL,1103394,5
FL,1103395,1
FL,1103396,1
FL,1103396,2
FL,1103398,1
FL,1103399,1
FL,1103400,1
FL,1103400,2
FL,1103400,3
